date,ranking,title,writer,press,kategorie
2024-02,101,더 마인드(10만부 기념 코멘터리 북),하와이 대저택,웅진지식하우스,자기계발
2024-02,102,불안,알랭 드 보통,은행나무,시/에세이
2024-02,103,총 균 쇠,재레드 다이아몬드,김영사,역사/문화
2024-02,104,진짜 쓰는 실무 엑셀,오빠두(전진권),제이펍,컴퓨터/IT
2024-02,105,영어 필사 100일의 기적,퍼포먼스 코치 리아,넥서스,외국어
2024-02,106,흔한남매 수수께끼 어드벤처 4,노지영,미래엔아이세움,어린이(초등)
2024-02,107,"전광훈, 자유 통일의 길",광화문연구소,뉴퓨리턴,정치/사회
2024-02,108,해커스 토익 RC Reading(리딩) 기본서,David Cho,해커스어학연구소,외국어
2024-02,109,마음 지구력,윤홍균,21세기북스,자기계발
2024-02,110,살인자의 쇼핑몰 1,강지영,자음과모음,소설
2024-02,111,더 커밍 웨이브,무스타파 술레이만,한스미디어,경제/경영
2024-02,112,해커스 보카(Hackers Vocabulary),David Cho,해커스어학연구소,외국어
2024-02,113,남의 시선에 아랑곳하지 않기,차이웨이,미디어숲,자기계발
2024-02,114,코스모스,칼 세이건,사이언스북스,과학
2024-02,115,부자의 그릇,이즈미 마사토,다산북스,경제/경영
2024-02,116,내가 틀릴 수도 있습니다(토마스 산체스 에디션),비욘 나티코 린데블라드,다산초당,인문
2024-02,117,불멸의 지혜,윌러스 델로이드 와틀즈,스노우폭스북스,경제/경영
2024-02,118,대화의 정석,정흥수,피카(FIKA),자기계발
2024-02,119,의학의 대가들,앤드루 램,상상스퀘어,건강
2024-02,120,던전밥 13,쿠이 료코,소미미디어,만화
2024-02,121,오늘도 잘 살았네,고은지,김영사,시/에세이
2024-02,122,에디토리얼 씽킹,최혜진,터틀넥프레스,예술/대중문화
2024-02,123,오케팅 양장(업그레이드 특별판 리커버 에디션),오두환,대한출판사,경제/경영
2024-02,124,지박소년 하나코 군 20,아이다이로,서울미디어코믹스(서울문화사),만화
2024-02,125,파과,구병모,위즈덤하우스,소설
2024-02,126,너는 다시 외로워질 것이다,공지영,해냄출판사,시/에세이
2024-02,127,조용헌의 내공,조용헌,생각정원,인문
2024-02,128,놀라움의 힘,마이클 루셀,상상스퀘어,자기계발
2024-02,129,세상의 마지막 기차역(리커버 에디션),무라세 다케시,모모,소설
2024-02,130,항복론: 성공을 위한 내려놓기,다카모리 유키,힘찬북스,자기계발
2024-02,131,봄의 폭풍과 몬스터 3,MITSUBACHI MIYUKI,학산문화사,만화
2024-02,132,사랑에 관한 거의 모든 기술,김달,빅피시,시/에세이
2024-02,133,우리는 미국을 모른다,김동현,부키,정치/사회
2024-02,134,홍보의 신,김선태,21세기북스,경제/경영
2024-02,135,데일 카네기 인간관계론(무삭제 완역본),데일 카네기,상상스퀘어,자기계발
2024-02,136,해리포터 마법 주문 대백과,머글넷,폴더,어린이(초등)
2024-02,137,노르웨이의 숲,무라카미 하루키,민음사,소설
2024-02,138,고양이 해결사 깜냥 6: 하품이의 가족을 찾아라!,홍민정,창비,어린이(초등)
2024-02,139,뚜식이 4,뚜식이,서울문화사,어린이(초등)
2024-02,140,사라진 것들,앤드루 포터,문학동네,소설
2024-02,141,좋은 일이 오려고 그러나 보다(10만부 기념 행운 에디션),박여름,히읏,시/에세이
2024-02,142,마케팅 설계자,러셀 브런슨,윌북,경제/경영
2024-02,143,키위엔 영어회화 하루 5분의 기적,박강준,키위엔,외국어
2024-02,144,부를 끌어당기는 글쓰기,부아c,황금부엉이,경제/경영
2024-02,145,불편한 편의점 2(단풍 에디션),김호연,나무옆의자,소설
2024-02,146,귀신들의 땅,천쓰홍,민음사,소설
2024-02,147,창조적 행위: 존재의 방식,릭 루빈,코쿤북스,예술/대중문화
2024-02,148,새콤달콤 캐치! 티니핑 마음이 빛나는 동화 1: 사라진 매직 슈가볼,SAMG,아이휴먼,유아(0~7세)
2024-02,149,홍학의 자리,정해연,엘릭시르,소설
2024-02,150,해커스 토익 LC Listening(리스닝) 기본서,David Cho,해커스어학연구소,외국어
2024-02,151,김미경의 마흔 수업(확장판),김미경,어웨이크북스,자기계발
2024-02,152,주술회전 25: 인외마경 신주쿠 결전,Gege Akutami,서울미디어코믹스(서울문화사),만화
2024-02,153,채식주의자,한강,창비,소설
2024-02,154,작별하지 않는다,한강,문학동네,소설
2024-02,155,트래픽 설계자,러셀 브런슨,윌북,경제/경영
2024-02,156,제정신이라는 착각,필리프 슈테르처,김영사,인문
2024-02,157,브랜드 설계자,러셀 브런슨,윌북,경제/경영
2024-02,158,착! 붙는 일본어 독학 첫걸음,일본어 공부기술연구소,시사일본어사,외국어
2024-02,159,극락가 1,Yuto Sano,대원씨아이,만화
2024-02,160,이방인,알베르 카뮈,민음사,소설
2024-02,161,대한민국 돈의 역사,홍춘욱,상상스퀘어,경제/경영
2024-02,162,최재천의 곤충사회,최재천,열림원,시/에세이
2024-02,163,네모아저씨의 페이퍼 블레이드 히든카드,네모아저씨 이원표,슬로래빗,어린이(초등)
2024-02,164,한 번뿐인 인생은 어떻게 살아야 하는가,박찬위,하이스트,시/에세이
2024-02,165,사람과 돈이 따르는 센스 있는 3초 표현,아소 사이카,아이템하우스,자기계발
2024-02,166,에그박사 11,박송이,미래엔아이세움,어린이(초등)
2024-02,167,New 미꽃체 손글씨 노트,최현미(미꽃),시원북스,취미/실용/스포츠
2024-02,168,10대를 위한 총균쇠 수업,김정진,넥스트씨,청소년
2024-02,169,내 삶을 지키는 바운더리,쑤쉬안후이,시옷책방,자기계발
2024-02,170,디즈니 위시 무비동화,수잔 프랜시스,애플비,유아(0~7세)
2024-02,171,일본어 무작정 따라하기(완전판),후지이 아사리,길벗이지톡,외국어
2024-02,172,"오늘 밤, 세계에서 이 사랑이 사라진다 해도",이치조 미사키,모모,소설
2024-02,173,원칙,레이 달리오,한빛비즈,경제/경영
2024-02,174,돈의 심리학(30만 부 기념 스페셜 에디션),모건 하우절,인플루엔셜,경제/경영
2024-02,175,"밥 먹다가, 울컥",박찬일,웅진지식하우스,시/에세이
2024-02,176,나에게 들려주는 예쁜 말,김종원,상상아이,어린이(초등)
2024-02,177,내면소통,김주환,인플루엔셜,인문
2024-02,178,퀴팅,줄리아 켈러,다산북스,자기계발
2024-02,179,산리오캐릭터즈 도감,대원키즈 편집부,대원앤북,어린이(초등)
2024-02,180,당신이 만나야 할 단 하나의 논어,판덩,미디어숲,인문
2024-02,181,거의 모든 묘사 표현의 영어,최주연,사람in,외국어
2024-02,182,초역 니체의 말,프리드리히 니체,삼호미디어,인문
2024-02,183,무한의 계단 세계여행 Go 1: 이탈리아,김강현,서울문화사,어린이(초등)
2024-02,184,당신의 첫 생각이 하루를 지배한다,페이서스코리아 외,딥앤와이드,인문
2024-02,185,이주하는 인류,샘 밀러,미래의창,역사/문화
2024-02,186,한 권으로 끝내는 해커스 토익 700+(LC+RC+VOCA),해커스 어학연구소,해커스어학연구소,외국어
2024-02,187,꽃을 보듯 너를 본다,나태주,지혜,시/에세이
2024-02,188,삐뽀삐뽀 119 소아과,하정훈,유니책방,가정/육아
2024-02,189,"결코, 배불리 먹지 말 것",미즈노 남보쿠,스노우폭스북스,경제/경영
2024-02,190,"오늘 밤, 거짓말의 세계에서 잊을 수 없는 사랑을",이치조 미사키,모모,소설
2024-02,191,전지적 푸바오 시점,송영관,위즈덤하우스,시/에세이
2024-02,192,그릿(50만부 판매 기념 리커버 골드에디션),앤절라 더크워스,비즈니스북스,자기계발
2024-02,193,환생학교 요괴반 2,웃소,미래엔아이세움,어린이(초등)
2024-02,194,백앤아 4: 우당탕탕 동물 농장,백앤아,샌드박스스토리,어린이(초등)
2024-02,195,이토록 공부가 재미있어지는 순간(50만 부 기념 우리들 에디션),박성혁,다산북스,청소년
2024-02,196,시간 고양이 4: 물과 불의 열차,박미연,이지북,어린이(초등)
2024-02,197,돈은 좋지만 재테크는 겁나는 너에게,뿅글이,황금부엉이,경제/경영
2024-02,198,좋은 기분,박정수(녹싸),북스톤,자기계발
2024-02,199,죽이고 싶은 아이,이꽃님,우리학교,청소년
2024-02,200,참을 수 없는 존재의 가벼움,밀란 쿤데라,민음사,소설
2024-01,101,고양이 해결사 깜냥 6: 하품이의 가족을 찾아라!,홍민정,창비,어린이(초등)
2024-01,102,맥스웰 몰츠 성공의 법칙,매트 퓨리,비즈니스북스,자기계발
2024-01,103,해커스 보카(Hackers Vocabulary),David Cho,해커스어학연구소,외국어
2024-01,104,해커스 토익 LC Listening(리스닝) 기본서,David Cho,해커스어학연구소,외국어
2024-01,105,총 균 쇠,재레드 다이아몬드,김영사,역사/문화
2024-01,106,너는 다시 외로워질 것이다,공지영,해냄출판사,시/에세이
2024-01,107,코스모스,칼 세이건,사이언스북스,과학
2024-01,108,흔한남매 이무기 1,이종혁,미래엔아이세움,어린이(초등)
2024-01,109,별의 길,양세형,이야기장수,시/에세이
2024-01,110,데미안,헤르만 헤세,민음사,소설
2024-01,111,에그박사 11,박송이,미래엔아이세움,어린이(초등)
2024-01,112,모든 것은 기본에서 시작한다,손웅정,수오서재,시/에세이
2024-01,113,말하고 싶은 비밀,사쿠라 이이요,모모,소설
2024-01,114,남에게 좋은 사람보다 나에게 좋은 사람,조원희,필름(Feelm),시/에세이
2024-01,115,성공하는 리더들의 영어 필사 100일의 기적,퍼포먼스 코치 제이 외,넥서스,외국어
2024-01,116,시간 고양이 4: 물과 불의 열차,박미연,이지북,어린이(초등)
2024-01,117,네모아저씨의 페이퍼 블레이드 히든카드,네모아저씨 이원표,슬로래빗,어린이(초등)
2024-01,118,좋은 기분,박정수(녹싸),북스톤,자기계발
2024-01,119,불편한 편의점 2(단풍 에디션),김호연,나무옆의자,소설
2024-01,120,마케팅 설계자,러셀 브런슨,윌북,경제/경영
2024-01,121,눈에 갇힌 외딴 산장에서,히가시노 게이고,재인,소설
2024-01,122,주술회전 24: 주태대전 재귀,아쿠타미 게게,서울미디어코믹스(서울문화사),만화
2024-01,123,사랑을 무게로 안 느끼게,박완서,세계사,시/에세이
2024-01,124,내가 틀릴 수도 있습니다(토마스 산체스 에디션),비욘 나티코 린데블라드,다산초당,인문
2024-01,125,키위엔 영어회화 하루 5분의 기적,박강준,키위엔,외국어
2024-01,126,머니 트렌드 2024,김도윤 외,북모먼트,경제/경영
2024-01,127,이토록 멋진 인생이라니,모리 슈워츠,나무옆의자,인문
2024-01,128,전지적 푸바오 시점,송영관,위즈덤하우스,시/에세이
2024-01,129,돌파매매 전략,systrader79 외,이레미디어,경제/경영
2024-01,130,New 미꽃체 손글씨 노트,최현미(미꽃),시원북스,취미/실용/스포츠
2024-01,131,오늘부터 초등 지식왕,최선민,클랩북스,어린이(초등)
2024-01,132,타키 포오 얼렁뚱땅 상식스쿨 2,캐릭온TV,대원키즈,어린이(초등)
2024-01,133,마법천자문 61: 뜻밖에 재앙이 일어나다! 재난,스튜디오 훈훈,아울북,어린이(초등)
2024-01,134,흔한남매 수수께끼 어드벤처 4,노지영,미래엔아이세움,어린이(초등)
2024-01,135,그릿(50만부 판매 기념 리커버 골드에디션),앤절라 더크워스,비즈니스북스,자기계발
2024-01,136,원칙,레이 달리오,한빛비즈,경제/경영
2024-01,137,결심이 필요한 순간들(크리스마스 에디션),러셀 로버츠,세계사,인문
2024-01,138,한 권으로 끝내는 해커스 토익 700+(LC+RC+VOCA),해커스 어학연구소,해커스어학연구소,외국어
2024-01,139,그대 늙어가는 것이 아니라 익어가는 것이다,오평선,포레스트북스,시/에세이
2024-01,140,10대를 위한 총균쇠 수업,김정진,넥스트씨,청소년
2024-01,141,파서블,김익한,인플루엔셜,자기계발
2024-01,142,파과,구병모,위즈덤하우스,소설
2024-01,143,환생학교 요괴반 2,웃소,미래엔아이세움,어린이(초등)
2024-01,144,영어 필사 100일의 기적,퍼포먼스 코치 리아,넥서스,외국어
2024-01,145,데일 카네기 인간관계론(무삭제 완역본),데일 카네기,상상스퀘어,자기계발
2024-01,146,세상의 마지막 기차역(리커버 에디션),무라세 다케시,모모,소설
2024-01,147,새콤달콤 캐치! 티니핑 마음이 빛나는 동화 1: 사라진 매직 슈가볼,SAMG,아이휴먼,유아(0~7세)
2024-01,148,노르웨이의 숲,무라카미 하루키,민음사,소설
2024-01,149,망그러진 만화 2,유랑,좋은생각,시/에세이
2024-01,150,한 번뿐인 인생은 어떻게 살아야 하는가,박찬위,하이스트,시/에세이
2024-01,151,나 없이는 존재하지 않는 세상,카를로 로벨리,쌤앤파커스,과학
2024-01,152,초역 니체의 말,프리드리히 니체,삼호미디어,인문
2024-01,153,채식주의자,한강,창비,소설
2024-01,154,디즈니 위시 무비동화,수잔 프랜시스,애플비,유아(0~7세)
2024-01,155,"결코, 배불리 먹지 말 것",미즈노 남보쿠,스노우폭스북스,경제/경영
2024-01,156,10일 만에 끝내는 해커스 OPIc 오픽 Advanced 공략,해커스 오픽연구소,해커스,외국어
2024-01,157,산리오캐릭터즈 도감,대원키즈 편집부,대원앤북,어린이(초등)
2024-01,158,돈은 좋지만 재테크는 겁나는 너에게,뿅글이,황금부엉이,경제/경영
2024-01,159,에디토리얼 씽킹,최혜진,터틀넥프레스,예술/대중문화
2024-01,160,당신의 첫 생각이 하루를 지배한다,페이서스코리아 외,딥앤와이드,인문
2024-01,161,잠들기 전에 읽는 쇼펜하우어,예저우,오렌지연필,인문
2024-01,162,착! 붙는 일본어 독학 첫걸음,일본어 공부기술연구소,시사일본어사,외국어
2024-01,163,기분 좋은 말투 품격 있는 말투,리징,지니의서재,자기계발
2024-01,164,돈의 심리학(30만 부 기념 스페셜 에디션),모건 하우절,인플루엔셜,경제/경영
2024-01,165,부의 세계사,윌리엄 번스타인,포레스트북스,역사/문화
2024-01,166,ETS 토익 단기공략 850+(LC+RC),ETS,YBM,외국어
2024-01,167,창조적 행위: 존재의 방식,릭 루빈,코쿤북스,예술/대중문화
2024-01,168,해커스 여행 일본어 10분의 기적,해커스 일본어연구소,해커스어학연구소,외국어
2024-01,169,SKY 로드맵,이병훈,쌤앤파커스,가정/육아
2024-01,170,내면소통,김주환,인플루엔셜,인문
2024-01,171,참을 수 없는 존재의 가벼움,밀란 쿤데라,민음사,소설
2024-01,172,"오늘 밤, 세계에서 이 사랑이 사라진다 해도",이치조 미사키,모모,소설
2024-01,173,사피엔스,유발 하라리,김영사,인문
2024-01,174,달러구트 꿈 백화점,이미예,팩토리나인,소설
2024-01,175,문과 남자의 과학 공부,유시민,돌베개,인문
2024-01,176,뚜식이 4,뚜식이,서울문화사,어린이(초등)
2024-01,177,흔한남매의 흔한 호기심 10,흔한남매,미래엔아이세움,어린이(초등)
2024-01,178,홍학의 자리,정해연,엘릭시르,소설
2024-01,179,거인의 노트,김익한,다산북스,자기계발
2024-01,180,월급쟁이 부자로 은퇴하라(10만 부 돌파 기념 증보판),너나위,알에이치코리아,경제/경영
2024-01,181,사라진 것들,앤드루 포터,문학동네,소설
2024-01,182,이토록 공부가 재미있어지는 순간(50만 부 기념 우리들 에디션),박성혁,다산북스,청소년
2024-01,183,이방인,알베르 카뮈,민음사,소설
2024-01,184,설민석의 한국사 대모험 27,설민석 외,단꿈아이,어린이(초등)
2024-01,185,트래픽 설계자,러셀 브런슨,윌북,경제/경영
2024-01,186,백앤아 4: 우당탕탕 동물 농장,백앤아,샌드박스스토리,어린이(초등)
2024-01,187,해커스 토익 스타트 RC Reading (리딩) 입문서,David Cho,해커스어학연구소,외국어
2024-01,188,마음 지구력,윤홍균,21세기북스,자기계발
2024-01,189,모비딕(무삭제 완역본),허먼 멜빌,현대지성,소설
2024-01,190,"오늘 밤, 거짓말의 세계에서 잊을 수 없는 사랑을",이치조 미사키,모모,소설
2024-01,191,1일 1페이지 영어 어원 365,김동섭,현대지성,인문
2024-01,192,비가 오면 열리는 상점(윈터에디션),유영광,클레이하우스,소설
2024-01,193,여행영어 10분의 기적,해커스어학연구소,해커스어학연구소,외국어
2024-01,194,쇼펜하우어의 인생 수업,아르투어 쇼펜하우어,메이트북스,인문
2024-01,195,아주 세속적인 지혜,발타자르 그라시안,페이지2북스,자기계발
2024-01,196,이상한 과자 가게 전천당 19,히로시마 레이코,길벗스쿨,어린이(초등)
2024-01,197,죽이고 싶은 아이,이꽃님,우리학교,청소년
2024-01,198,긍정효과,댄 토마술로,힘찬북스,자기계발
2024-01,199,스토너,존 윌리엄스,알에이치코리아,소설
2024-01,200,극락가 1,Yuto Sano,대원씨아이,만화
2023-12,101,지적 대화를 위한 넓고 얕은 지식 1,채사장,웨일북(whalebooks),인문
2023-12,102,빨간내복야코 1,빨간내복야코,샌드박스스토리,어린이(초등)
2023-12,103,마법천자문 61: 뜻밖에 재앙이 일어나다! 재난,스튜디오 훈훈,아울북,어린이(초등)
2023-12,104,타이탄의 도구들(블랙 에디션),팀 페리스,토네이도,자기계발
2023-12,105,한 번뿐인 인생은 어떻게 살아야 하는가,박찬위,하이스트,시/에세이
2023-12,106,진짜 쓰는 실무 엑셀,오빠두(전진권),제이펍,컴퓨터/IT
2023-12,107,타키 포오 얼렁뚱땅 상식스쿨 2,캐릭온TV,대원키즈,어린이(초등)
2023-12,108,나의 히어로 아카데미아 39,Kohei Horikoshi,서울미디어코믹스(서울문화사),만화
2023-12,109,기자유감,이기주,메디치미디어,정치/사회
2023-12,110,좋은 일이 오려고 그러나 보다(10만부 기념 행운 에디션),박여름,히읏,시/에세이
2023-12,111,국토박물관 순례 1: 선사시대에서 고구려까지,유홍준,창비,역사/문화
2023-12,112,해커스 토익 RC Reading(리딩) 기본서,David Cho,해커스어학연구소,외국어
2023-12,113,"오늘 밤, 세계에서 이 사랑이 사라진다 해도",이치조 미사키,모모,소설
2023-12,114,참을 수 없는 존재의 가벼움,밀란 쿤데라,민음사,소설
2023-12,115,타키 포오 코믹 어드벤처 3,캐릭온TV,대원키즈,어린이(초등)
2023-12,116,마케팅 설계자,러셀 브런슨,윌북,경제/경영
2023-12,117,초역 니체의 말,프리드리히 니체,삼호미디어,인문
2023-12,118,스파이 외전,민경우,투나미스,소설
2023-12,119,극락가 1,Yuto Sano,대원씨아이,만화
2023-12,120,부자의 그릇,이즈미 마사토,다산북스,경제/경영
2023-12,121,세상의 마지막 기차역(리커버 에디션),무라세 다케시,모모,소설
2023-12,122,불안의 서,페르난두 페소아,봄날의책,시/에세이
2023-12,123,산리오캐릭터즈 도감,대원키즈 편집부,대원앤북,어린이(초등)
2023-12,124,감정 경제학,조원경,페이지2북스,경제/경영
2023-12,125,토익 단기공략 750+(LC+RC),ETS,YBM,외국어
2023-12,126,해님 달님 떡집,김리리,비룡소,어린이(초등)
2023-12,127,읽으면서 바로 써먹는 어린이 세계사 퀴즈 2,한날,파란정원,어린이(초등)
2023-12,128,그대들 어떻게 살 것인가,요시노 겐자부로,양철북,청소년
2023-12,129,말의 진심,최정우,밀리언서재,자기계발
2023-12,130,그릿(50만부 판매 기념 리커버 골드에디션),앤절라 더크워스,비즈니스북스,자기계발
2023-12,131,오늘도 잘 살았네,고은지,김영사,시/에세이
2023-12,132,파견자들,김초엽,퍼블리온,소설
2023-12,133,데미안,헤르만 헤세,민음사,소설
2023-12,134,단 한 사람,최진영,한겨레출판사,소설
2023-12,135,채식주의자,한강,창비,소설
2023-12,136,노르웨이의 숲,무라카미 하루키,민음사,소설
2023-12,137,디케의 눈물,조국,다산북스,정치/사회
2023-12,138,불멸의 지혜,윌러스 델로이드 와틀즈,스노우폭스북스,경제/경영
2023-12,139,73년생 한동훈,심규진,새빛,정치/사회
2023-12,140,거인의 노트,김익한,다산북스,자기계발
2023-12,141,내면소통,김주환,인플루엔셜,인문
2023-12,142,처음부터 시작하는 주식투자 단타전략,홍인기,길벗,경제/경영
2023-12,143,산타는 어떻게 굴뚝을 내려갈까?,맥 바넷,주니어RHK,유아(0~7세)
2023-12,144,달러구트 꿈 백화점,이미예,팩토리나인,소설
2023-12,145,하나님의 음성,김병삼 외,두란노,종교
2023-12,146,가짜 노동,데니스 뇌르마르크 외,자음과모음,인문
2023-12,147,일론 머스크,월터 아이작슨,21세기북스,경제/경영
2023-12,148,히카루가 죽은 여름 3,모쿠모쿠 렌,디앤씨미디어,만화
2023-12,149,꽃을 보듯 너를 본다,나태주,지혜,시/에세이
2023-12,150,2024 결국은 부동산,올라잇 칼럼니스트 23인,원앤원북스,경제/경영
2023-12,151,사이언스 2024,내셔널지오그래픽 키즈,비룡소,어린이(초등)
2023-12,152,키위엔 영어회화 하루 5분의 기적,박강준,키위엔,외국어
2023-12,153,생선 바이블,김지민,북커스,요리
2023-12,154,사피엔스,유발 하라리,김영사,인문
2023-12,155,과학을 보다: 우주의 비밀에서 과학자의 머릿속까지,김범준 외,알파미디어,과학
2023-12,156,돈의 심리학(30만 부 기념 스페셜 에디션),모건 하우절,인플루엔셜,경제/경영
2023-12,157,채사장의 지대넓얕 8: 개인 VS 사회,채사장 외,돌핀북,어린이(초등)
2023-12,158,슈뻘맨의 숨은 과학 찾기 2,서후,미래엔아이세움,어린이(초등)
2023-12,159,사람 공부,조윤제,청림출판,자기계발
2023-12,160,해커스 토익 LC Listening(리스닝) 기본서,David Cho,해커스어학연구소,외국어
2023-12,161,해커스 여행 일본어 10분의 기적,해커스 일본어연구소,해커스어학연구소,외국어
2023-12,162,1일 1페이지 영어 어원 365,김동섭,현대지성,인문
2023-12,163,모비딕(무삭제 완역본),허먼 멜빌,현대지성,소설
2023-12,164,해커스 보카(Hackers Vocabulary),David Cho,해커스어학연구소,외국어
2023-12,165,더 그레이트 비트코인,오태민,거인의정원,경제/경영
2023-12,166,세상은 이야기로 만들어졌다,자미라 엘 우아실 외,원더박스,인문
2023-12,167,긴긴밤,루리,문학동네,어린이(초등)
2023-12,168,라디오 체조,오쿠다 히데오,은행나무,소설
2023-12,169,10대를 위한 총균쇠 수업,김정진,넥스트씨,청소년
2023-12,170,행동경제학,리처드 탈러,웅진지식하우스,경제/경영
2023-12,171,장하리,추미애,해피스토리,소설
2023-12,172,하늘과 바람과 별과 인간,김상욱,바다출판사,과학
2023-12,173,사카모토 데이즈 13: 추억,Yuto Suzuki,대원씨아이,만화
2023-12,174,New 미꽃체 손글씨 노트,최현미(미꽃),시원북스,취미/실용/스포츠
2023-12,175,아버지의 해방일지,정지아,창비,소설
2023-12,176,스토너,존 윌리엄스,알에이치코리아,소설
2023-12,177,나의 첫 번째 아기에게,조은재,솜솜,유아(0~7세)
2023-12,178,생의 마지막 당부,웬디 미첼,문예춘추사,시/에세이
2023-12,179,죽이고 싶은 아이,이꽃님,우리학교,청소년
2023-12,180,망그러진 만화,유랑,좋은생각,시/에세이
2023-12,181,아홉 살에 시작하는 똑똑한 초등신문,신효원,책장속북스,어린이(초등)
2023-12,182,이방인,알베르 카뮈,민음사,소설
2023-12,183,완전배출,조승우,사이몬북스,건강
2023-12,184,돈은 좋지만 재테크는 겁나는 너에게,뿅글이,황금부엉이,경제/경영
2023-12,185,이토록 공부가 재미있어지는 순간(50만 부 기념 우리들 에디션),박성혁,다산북스,청소년
2023-12,186,소년이 온다,한강,창비,소설
2023-12,187,나는 아직 내가 낯설다,다장진궈,파인북,인문
2023-12,188,봇치ㆍ더ㆍ록! 6,Aki Hamazi,대원씨아이,만화
2023-12,189,슈퍼노멀,주언규,웅진지식하우스,자기계발
2023-12,190,너라는 계절이 내게 왔다,소강석,샘터(샘터사),시/에세이
2023-12,191,원피스 106: 천재의 꿈,Eiichiro Oda,대원씨아이,만화
2023-12,192,흔한남매 별난 세계 여행 2: 고대도시,흔한남매,미래엔아이세움,어린이(초등)
2023-12,193,에그박사와 공룡 에그,에그박사,미래엔아이세움,어린이(초등)
2023-12,194,당신은 사건 현장에 있습니다,모데스토 가르시아,중앙북스,취미/실용/스포츠
2023-12,195,정의란 무엇인가,마이클 샌델,와이즈베리,인문
2023-12,196,방구석 미술관,조원재,블랙피쉬,예술/대중문화
2023-12,197,회복탄력성(15만부 기념 리커버),김주환,위즈덤하우스,자기계발
2023-12,198,지적 대화를 위한 넓고 얕은 지식: 제로 편,채사장,웨일북(whalebooks),인문
2023-12,199,그대 늙어가는 것이 아니라 익어가는 것이다,오평선,포레스트북스,시/에세이
2023-12,200,최애의 아이 12,아카사카 아카 외,대원씨아이,만화
2023-11,101,이상한 과자 가게 전천당 19,히로시마 레이코,길벗스쿨,어린이(초등)
2023-11,102,키위엔 영어회화 하루 5분의 기적,박강준,키위엔,외국어
2023-11,103,채식주의자,한강,창비,소설
2023-11,104,멜랑콜리아 1-2,욘 포세,민음사,소설
2023-11,105,1%를 읽는 힘,메르,토네이도,경제/경영
2023-11,106,별의 커비 푸푸푸 히어로 2: 특훈! 웨이들 디!,아오키 케이 외,다산어린이,어린이(초등)
2023-11,107,아주 희미한 빛으로도,최은영,문학동네,소설
2023-11,108,세상에서 가장 긴 행복 탐구 보고서,로버트 월딩거 외,비즈니스북스,자기계발
2023-11,109,메리골드 마음 세탁소(30만 부 기념 한정 플라워 에디션),윤정은,북로망스,소설
2023-11,110,"오늘 밤, 거짓말의 세계에서 잊을 수 없는 사랑을",이치조 미사키,모모,소설
2023-11,111,질문 있는 사람,이승희,북스톤,자기계발
2023-11,112,오늘도 나아가는 중입니다(겨울 에디션),조민,참새책방,시/에세이
2023-11,113,나 혼자 슬퍼하겠습니다,정경심,보리출판사,시/에세이
2023-11,114,원피스 106: 천재의 꿈,Eiichiro Oda,대원씨아이,만화
2023-11,115,한석준의 말하기 수업,한석준,인플루엔셜,자기계발
2023-11,116,데미안,헤르만 헤세,민음사,소설
2023-11,117,데뷔 못 하면 죽는 병 걸림 2부 초판 양장본 세트,백덕수,위시북스,소설
2023-11,118,내면소통,김주환,인플루엔셜,인문
2023-11,119,진짜 쓰는 실무 엑셀,오빠두(전진권),제이펍,컴퓨터/IT
2023-11,120,슈뻘맨의 숨은 과학 찾기 2,서후,미래엔아이세움,어린이(초등)
2023-11,121,최민준의 아들코칭 백과,최민준,위즈덤하우스,가정/육아
2023-11,122,빨간내복야코 1,빨간내복야코,샌드박스스토리,어린이(초등)
2023-11,123,역사는 반복된다,배기성,왕의서재,역사/문화
2023-11,124,회복탄력성(15만부 기념 리커버),김주환,위즈덤하우스,자기계발
2023-11,125,부자의 그릇,이즈미 마사토,다산북스,경제/경영
2023-11,126,발명코믹북 무한의 계단 1: 전설의 시작,임우영,서울문화사,어린이(초등)
2023-11,127,산리오캐릭터즈 도감,대원키즈 편집부,대원앤북,어린이(초등)
2023-11,128,이해인의 햇빛 일기,이해인,열림원,시/에세이
2023-11,129,과학을 보다: 우주의 비밀에서 과학자의 머릿속까지,김범준 외,알파미디어,과학
2023-11,130,꽃은 누구에게나 핀다,오은환,북로망스,시/에세이
2023-11,131,그릿(50만부 판매 기념 리커버 골드에디션),앤절라 더크워스,비즈니스북스,자기계발
2023-11,132,세상의 마지막 기차역(리커버 에디션),무라세 다케시,모모,소설
2023-11,133,거인의 노트,김익한,다산북스,자기계발
2023-11,134,감정은 사라져도 결과는 남는다,이해인,필름(Feelm),시/에세이
2023-11,135,노르웨이의 숲,무라카미 하루키,민음사,소설
2023-11,136,무명의 감정들: 나를 살아내는 일,쑥,딥앤와이드,시/에세이
2023-11,137,월가의 영웅,피터 린치 외,국일증권경제연구소,경제/경영
2023-11,138,ETS 토익기출 파트별 VOCA,ETS,YBM,외국어
2023-11,139,디즈니 픽사 엘리멘탈 무비동화,이지안,애플비북스,유아(0~7세)
2023-11,140,달러 투자 무작정 따라하기,박성현,길벗,경제/경영
2023-11,141,초역 니체의 말,프리드리히 니체,삼호미디어,인문
2023-11,142,"오늘 밤, 세계에서 이 사랑이 사라진다 해도",이치조 미사키,모모,소설
2023-11,143,채사장의 지대넓얕 8: 개인 VS 사회,채사장 외,돌핀북,어린이(초등)
2023-11,144,모든 삶은 흐른다(특별판 트레싱지 에디션),로랑스 드빌레르,피카(FIKA),인문
2023-11,145,에그박사와 공룡 에그,에그박사,미래엔아이세움,어린이(초등)
2023-11,146,고통 구경하는 사회,김인정,웨일북(whalebooks),인문
2023-11,147,산타는 어떻게 굴뚝을 내려갈까?,맥 바넷,주니어RHK,유아(0~7세)
2023-11,148,사랑의 기술,에리히 프롬,문예출판사,인문
2023-11,149,아홉 살에 시작하는 똑똑한 초등신문,신효원,책장속북스,어린이(초등)
2023-11,150,백앤아 3: 오싹소름 귀신 학교,백앤아,샌드박스스토리,어린이(초등)
2023-11,151,정브르의 맹독 생물 일기,정브르,서울문화사,어린이(초등)
2023-11,152,돈의 심리학(30만 부 기념 스페셜 에디션),모건 하우절,인플루엔셜,경제/경영
2023-11,153,"울트라러닝, 세계 0.1%가 지식을 얻는 비밀",스콧 영,비즈니스북스,자기계발
2023-11,154,해커스 토익 RC Reading(리딩) 기본서,David Cho,해커스어학연구소,외국어
2023-11,155,꽃은 무죄다,이성윤,아마존의나비,시/에세이
2023-11,156,초심력,임형재,지니의서재,자기계발
2023-11,157,지적 대화를 위한 넓고 얕은 지식 1,채사장,웨일북(whalebooks),인문
2023-11,158,당신의 방에 아무나 들이지 마라,스튜어트 에머리 외,쌤앤파커스,자기계발
2023-11,159,임신 출산 육아 대백과 최신개정판,삼성출판사 편집부,삼성출판사,가정/육아
2023-11,160,잘되는 집들의 비밀,정희숙,포레스트북스,자기계발
2023-11,161,국토박물관 순례 1: 선사시대에서 고구려까지,유홍준,창비,역사/문화
2023-11,162,"사업의 신 고등학교 자퇴 22세 그녀는 어떻게 한 달에 6,000만 원을 벌까?",임지흔,파르페북스,자기계발
2023-11,163,남에게 좋은 사람보다 나에게 좋은 사람,조원희,필름(Feelm),시/에세이
2023-11,164,아버지의 해방일지,정지아,창비,소설
2023-11,165,세상에서 가장 친절한 경제학,셰종보,더페이지,경제/경영
2023-11,166,AI 2024 트렌드&활용백과,김덕진,스마트북스,경제/경영
2023-11,167,하늘과 바람과 별과 인간,김상욱,바다출판사,과학
2023-11,168,위풍당당 여우 꼬리 4: 붉은 여우의 속삭임,손원평,창비,어린이(초등)
2023-11,169,헌치백,이치가와 사오,허블,소설
2023-11,170,이방인,알베르 카뮈,민음사,소설
2023-11,171,꽃을 보듯 너를 본다,나태주,지혜,시/에세이
2023-11,172,몰입,황농문,알에이치코리아,자기계발
2023-11,173,당신의 첫 생각이 하루를 지배한다,페이서스코리아 외,딥앤와이드,인문
2023-11,174,붉은 궁,허주은,시공사,소설
2023-11,175,달러구트 꿈 백화점,이미예,팩토리나인,소설
2023-11,176,해커스 여행 일본어 10분의 기적,해커스 일본어연구소,해커스어학연구소,외국어
2023-11,177,건강과 다이어트를 동시에 잡는 7대 3의 법칙 채소·과일식,조승우,바이북스,건강
2023-11,178,타키 포오 얼렁뚱땅 상식스쿨 1,캐릭온TV,대원키즈,어린이(초등)
2023-11,179,흔한남매 별난 세계 여행 2: 고대도시,흔한남매,미래엔아이세움,어린이(초등)
2023-11,180,긴긴밤,루리,문학동네,어린이(초등)
2023-11,181,창조적 행위: 존재의 방식,릭 루빈,코쿤북스,예술/대중문화
2023-11,182,이토록 공부가 재미있어지는 순간(50만 부 기념 우리들 에디션),박성혁,다산북스,청소년
2023-11,183,달리기를 말할 때 내가 하고 싶은 이야기,무라카미 하루키,문학사상,시/에세이
2023-11,184,방구석 미술관,조원재,블랙피쉬,예술/대중문화
2023-11,185,브랜드 설계자,러셀 브런슨,윌북,경제/경영
2023-11,186,2024 한국이 열광할 세계 트렌드,KOTRA,알키,경제/경영
2023-11,187,망그러진 만화,유랑,좋은생각,시/에세이
2023-11,188,무기가 되는 스토리,도널드 밀러,윌북,자기계발
2023-11,189,프리워터,아미나 루크먼 도슨,밝은미래,어린이(초등)
2023-11,190,원칙,레이 달리오,한빛비즈,경제/경영
2023-11,191,서사의 위기,한병철,다산초당,인문
2023-11,192,곽수종 박사의 경제대예측 2024-2028,곽수종,메이트북스,경제/경영
2023-11,193,죽이고 싶은 아이,이꽃님,우리학교,청소년
2023-11,194,세계지도를 펼치면 돈의 흐름이 보인다,박정호,반니,경제/경영
2023-11,195,New 미꽃체 손글씨 노트,최현미(미꽃),시원북스,취미/실용/스포츠
2023-11,196,아기 판다 푸바오,에버랜드 동물원 외,시공주니어,시/에세이
2023-11,197,소년이 온다,한강,창비,소설
2023-11,198,파친코 1,이민진,인플루엔셜,소설
2023-11,199,죽음의 수용소에서,빅터 프랭클,청아출판사,시/에세이
2023-11,200,백년허리 2: 치료편,정선근,언탱글링,건강
2023-10,101,주술회전 23: 별과 기름,아쿠타미 게게,서울미디어코믹스(서울문화사),만화
2023-10,102,참을 수 없는 존재의 가벼움,밀란 쿤데라,민음사,소설
2023-10,103,그릿(50만부 판매 기념 리커버 골드에디션),앤절라 더크워스,비즈니스북스,자기계발
2023-10,104,세상을 공부하다,우태영,천그루숲,자기계발
2023-10,105,레버리지,롭 무어,다산북스,경제/경영
2023-10,106,2024 한국이 열광할 세계 트렌드,KOTRA,알키,경제/경영
2023-10,107,빨간내복야코 1,빨간내복야코,샌드박스스토리,어린이(초등)
2023-10,108,흔한남매 이상한 나라의 고전 읽기 4,최재훈,미래엔아이세움,어린이(초등)
2023-10,109,건강과 다이어트를 동시에 잡는 7대 3의 법칙 채소·과일식,조승우,바이북스,건강
2023-10,110,흔들릴 줄 알아야 부러지지 않는다,김정호,달콤북스,자기계발
2023-10,111,진짜 쓰는 실무 엑셀,오빠두(전진권),제이펍,컴퓨터/IT
2023-10,112,달의 아이,최윤석,포레스트북스,소설
2023-10,113,세계지도를 펼치면 돈의 흐름이 보인다,박정호,반니,경제/경영
2023-10,114,흔한남매의 흔한 호기심 10,흔한남매,미래엔아이세움,어린이(초등)
2023-10,115,지적 대화를 위한 넓고 얕은 지식 1,채사장,웨일북(whalebooks),인문
2023-10,116,아주 작은 습관의 힘,제임스 클리어,비즈니스북스,자기계발
2023-10,117,노르웨이의 숲,무라카미 하루키,민음사,소설
2023-10,118,이 아이는 자라서 이렇게 됩니다,이용한,이야기장수,시/에세이
2023-10,119,올웨더 투자법,판교불패,알에이치코리아,경제/경영
2023-10,120,삶은 예술로 빛난다,조원재,다산북스,인문
2023-10,121,부의 추월차선(10주년 스페셜 에디션),엠제이 드마코,토트,경제/경영
2023-10,122,이토록 공부가 재미있어지는 순간(50만 부 기념 우리들 에디션),박성혁,다산북스,청소년
2023-10,123,이겨 놓고 싸워라,임영서,좋은생각,경제/경영
2023-10,124,사랑의 기술,에리히 프롬,문예출판사,인문
2023-10,125,최민준의 아들코칭 백과,최민준,위즈덤하우스,가정/육아
2023-10,126,임신 출산 육아 대백과 최신개정판,삼성출판사 편집부,삼성출판사,가정/육아
2023-10,127,꽃을 보듯 너를 본다,나태주,지혜,시/에세이
2023-10,128,죄와 벌,이동재,지우출판,정치/사회
2023-10,129,아홉 살에 시작하는 똑똑한 초등신문,신효원,책장속북스,어린이(초등)
2023-10,130,창조적 행위: 존재의 방식,릭 루빈,코쿤북스,예술/대중문화
2023-10,131,1위의 삶,정준교,상상력집단,자기계발
2023-10,132,잘못된 장소 잘못된 시간,질리언 매캘리스터,시옷북스,소설
2023-10,133,세상의 마지막 기차역(리커버 에디션),무라세 다케시,모모,소설
2023-10,134,파친코 1,이민진,인플루엔셜,소설
2023-10,135,삐뽀삐뽀 119 이유식(2023 최신개정판),하정훈,유니책방,요리
2023-10,136,위기의 역사,오건영,페이지2북스,경제/경영
2023-10,137,돈은 좋지만 재테크는 겁나는 너에게,뿅글이,황금부엉이,경제/경영
2023-10,138,죽이고 싶은 아이,이꽃님,우리학교,청소년
2023-10,139,망그러진 만화,유랑,좋은생각,시/에세이
2023-10,140,몰입,황농문,알에이치코리아,자기계발
2023-10,141,마케팅 설계자,러셀 브런슨,윌북,경제/경영
2023-10,142,키위엔 영어회화 하루 5분의 기적,박강준,키위엔,외국어
2023-10,143,밥 먹여주는 경제학,셰종보,더페이지,경제/경영
2023-10,144,여기는 루퐁이네: 귀염뽀짝 탐구 생활,루퐁이,서울문화사,어린이(초등)
2023-10,145,바다가 들리는 편의점 2,마치다 소노코,모모,소설
2023-10,146,설민석의 한국사 대모험 26,설민석 외,단꿈아이,어린이(초등)
2023-10,147,파리의 심리학 카페,모드 르안,클랩북스,인문
2023-10,148,ETS 토익기출 파트별 VOCA,ETS,YBM,외국어
2023-10,149,고통 구경하는 사회,김인정,웨일북(whalebooks),인문
2023-10,150,나는 너랑 노는 게 제일 좋아,하태완,북로망스,시/에세이
2023-10,151,야옹이 수영 교실,신현경,북스그라운드,어린이(초등)
2023-10,152,송영길의 선전포고,송영길 외,시월,정치/사회
2023-10,153,긴긴밤,루리,문학동네,어린이(초등)
2023-10,154,달리기를 말할 때 내가 하고 싶은 이야기,무라카미 하루키,문학사상,시/에세이
2023-10,155,아비투스(양장특별판),도리스 메르틴,다산초당,인문
2023-10,156,해커스 여행 일본어 10분의 기적,해커스 일본어연구소,해커스어학연구소,외국어
2023-10,157,초역 니체의 말,프리드리히 니체,삼호미디어,인문
2023-10,158,방구석 미술관,조원재,블랙피쉬,예술/대중문화
2023-10,159,나를 지키는 관계가 먼저입니다,안젤라 센,쌤앤파커스,자기계발
2023-10,160,스토너,존 윌리엄스,알에이치코리아,소설
2023-10,161,그리스 로마 신화 35: 로마를 지키려는 자,박시연,아울북,어린이(초등)
2023-10,162,돈의 심리학(30만 부 기념 스페셜 에디션),모건 하우절,인플루엔셜,경제/경영
2023-10,163,내가 아직 쓰지 않은 것,강신애 외,문학동네,시/에세이
2023-10,164,더 플로,안유화,경이로움,경제/경영
2023-10,165,3부작,욘 포세,새움,소설
2023-10,166,자연에 이름 붙이기,캐럴 계숙 윤,윌북,과학
2023-10,167,이방인,알베르 카뮈,민음사,소설
2023-10,168,에그박사 10,박송이,미래엔아이세움,어린이(초등)
2023-10,169,흔한남매 과학 탐험대 8: 생물 2,흔한남매,주니어김영사,어린이(초등)
2023-10,170,비스킷,김선미,위즈덤하우스,청소년
2023-10,171,해커스 토익 RC Reading(리딩) 기본서,David Cho,해커스어학연구소,외국어
2023-10,172,채식주의자,한강,창비,소설
2023-10,173,나뭇잎을 찾으면,에이미 시쿠로,피카주니어(FIKA JUNIOR),유아(0~7세)
2023-10,174,여행 일본어 무작정 따라하기(2023-2024),센님(정세영),길벗이지톡,외국어
2023-10,175,10배의 법칙(리커버 에디션),그랜트 카돈,부키,자기계발
2023-10,176,완벽한 자유와 부를 만드는 인생투자,브라운스톤(우석),오픈마인드,경제/경영
2023-10,177,달러구트 꿈 백화점,이미예,팩토리나인,소설
2023-10,178,사피엔스,유발 하라리,김영사,인문
2023-10,179,월가의 영웅,피터 린치 외,국일증권경제연구소,경제/경영
2023-10,180,나는 장사의 신이다,은현장,떠오름(RISE),경제/경영
2023-10,181,브랜드 설계자,러셀 브런슨,윌북,경제/경영
2023-10,182,소설 보다 가을 2023,김지연 외,문학과지성사,소설
2023-10,183,김승옥문학상 수상작품집(2023),권여선 외,문학동네,소설
2023-10,184,초수익 모멘텀 투자,마크 미너비니,이레미디어,경제/경영
2023-10,185,백년허리 2: 치료편,정선근,언탱글링,건강
2023-10,186,세상 모든 것의 기원,강인욱,흐름출판,역사/문화
2023-10,187,경제학이 필요한 순간,김현철,김영사,경제/경영
2023-10,188,미움받을 용기(200만 부 기념 스페셜 에디션),기시미 이치로 외,인플루엔셜,인문
2023-10,189,죽음의 수용소에서,빅터 프랭클,청아출판사,시/에세이
2023-10,190,면접바이블 2.0,면접왕 이형,얼라이브북스(Alivebooks),자기계발
2023-10,191,홍학의 자리,정해연,엘릭시르,소설
2023-10,192,지금을 살지 못하는 당신에게,이지훈,위즈덤하우스,인문
2023-10,193,포스트트루스,리 매킨타이어,두리반,정치/사회
2023-10,194,프리워터,아미나 루크먼 도슨,밝은미래,어린이(초등)
2023-10,195,물리박사 김상욱의 수상한 연구실 1. 빛: 루그의 습격,김하연,아울북,어린이(초등)
2023-10,196,여행영어 10분의 기적,해커스어학연구소,해커스어학연구소,외국어
2023-10,197,지적 대화를 위한 넓고 얕은 지식: 제로 편,채사장,웨일북(whalebooks),인문
2023-10,198,끝말잇기,김영진,길벗어린이,유아(0~7세)
2023-10,199,"오늘 밤, 세계에서 이 사랑이 사라진다 해도",이치조 미사키,모모,소설
2023-10,200,김미경의 마흔 수업,김미경,어웨이크북스,자기계발
2023-09,101,일이란 무엇인가,고동진,민음사,자기계발
2023-09,102,초역 니체의 말,프리드리히 니체,삼호미디어,인문
2023-09,103,야옹이 수영 교실,신현경,북스그라운드,어린이(초등)
2023-09,104,해커스 일본어 첫걸음: 기초20일 독학 완성!,해커스 일본어연구소,해커스어학연구소,외국어
2023-09,105,아버지의 해방일지,정지아,창비,소설
2023-09,106,잘못된 장소 잘못된 시간,질리언 매캘리스터,시옷북스,소설
2023-09,107,회복탄력성(15만부 기념 리커버),김주환,위즈덤하우스,자기계발
2023-09,108,네 안에 잠든 거인을 깨워라(30주년 기념판),토니 로빈스(앤서니 라빈스),넥서스BIZ,자기계발
2023-09,109,검은 꽃,김영하,복복서가,소설
2023-09,110,세상의 마지막 기차역(리커버 에디션),무라세 다케시,모모,소설
2023-09,111,사랑의 기술,에리히 프롬,문예출판사,인문
2023-09,112,감정은 사라져도 결과는 남는다,이해인,필름(Feelm),시/에세이
2023-09,113,데미안,헤르만 헤세,민음사,소설
2023-09,114,서사의 위기,한병철,다산초당,인문
2023-09,115,우리는 모두 죽는다는 것을 기억하라,웨인 다이어,토네이도,자기계발
2023-09,116,여기는 루퐁이네: 귀염뽀짝 탐구 생활,루퐁이,서울문화사,어린이(초등)
2023-09,117,오펜하이머 각본집,크리스토퍼 놀란,허블,예술/대중문화
2023-09,118,건강과 다이어트를 동시에 잡는 7대 3의 법칙 채소·과일식,조승우,바이북스,건강
2023-09,119,유현준의 인문 건축 기행,유현준,을유문화사,인문
2023-09,120,AI 비즈니스 레볼루션,이진형,포르체,경제/경영
2023-09,121,완전배출,조승우,사이몬북스,건강
2023-09,122,진짜 쓰는 실무 엑셀,오빠두(전진권),제이펍,컴퓨터/IT
2023-09,123,마케팅 설계자,러셀 브런슨,윌북,경제/경영
2023-09,124,대한민국 돈의 역사,홍춘욱,상상스퀘어,경제/경영
2023-09,125,멘탈을 회복하는 연습,데이먼 자하리아데스,서삼독,자기계발
2023-09,126,바다가 들리는 편의점 2,마치다 소노코,모모,소설
2023-09,127,스토너,존 윌리엄스,알에이치코리아,소설
2023-09,128,죽이고 싶은 아이,이꽃님,우리학교,청소년
2023-09,129,네 인생 우습지 않다,전한길,21세기북스,자기계발
2023-09,130,화산귀환 4,STUDIO LICO,에이템포미디어,만화
2023-09,131,마흔에 읽는 쇼펜하우어,강용수,유노북스,인문
2023-09,132,푸틴을 죽이는 완벽한 방법,김진명,이타북스,소설
2023-09,133,아주 작은 습관의 힘,제임스 클리어,비즈니스북스,자기계발
2023-09,134,ETS 토익기출 파트별 VOCA,ETS,YBM,외국어
2023-09,135,망그러진 만화,유랑,좋은생각,시/에세이
2023-09,136,"안녕, 에리",후지모토 타츠키,학산문화사,만화
2023-09,137,관객의 마음을 사로잡는 영상 연출법 101,스킴온웨스트(김성영),동녘,예술/대중문화
2023-09,138,마음의 지혜,김경일,포레스트북스,인문
2023-09,139,래리 윌리엄스 좋은 주식은 때가 있다,래리 윌리엄스,페이지2북스,경제/경영
2023-09,140,월가의 영웅,피터 린치 외,국일증권경제연구소,경제/경영
2023-09,141,연남동 빙굴빙굴 빨래방,김지윤,팩토리나인,소설
2023-09,142,당신은 사건 현장에 있습니다,모데스토 가르시아,중앙북스,취미/실용/스포츠
2023-09,143,그럴 수 있어,양희은,웅진지식하우스,시/에세이
2023-09,144,명화로 보는 오디세이아(리커버에디션),호메로스,미래타임즈,역사/문화
2023-09,145,결혼ㆍ여름,알베르 카뮈,녹색광선,시/에세이
2023-09,146,당신도 느리게 나이 들 수 있습니다,정희원,더퀘스트,인문
2023-09,147,몰입,황농문,알에이치코리아,자기계발
2023-09,148,H마트에서 울다(리커버:K),미셸 자우너,문학동네,시/에세이
2023-09,149,달러구트 꿈 백화점,이미예,팩토리나인,소설
2023-09,150,아주 세속적인 지혜,발타자르 그라시안,페이지2북스,자기계발
2023-09,151,그대들 어떻게 살 것인가,요시노 겐자부로,양철북,청소년
2023-09,152,유연함의 힘,수잔 애쉬포드,상상스퀘어,자기계발
2023-09,153,꽃을 보듯 너를 본다,나태주,지혜,시/에세이
2023-09,154,임신 출산 육아 대백과 최신개정판,삼성출판사 편집부,삼성출판사,가정/육아
2023-09,155,긴긴밤,루리,문학동네,어린이(초등)
2023-09,156,수상한 놀이공원 천옥원,히로시마 레이코,길벗스쿨,어린이(초등)
2023-09,157,노르웨이의 숲,무라카미 하루키,민음사,소설
2023-09,158,하버드 100년 전통 자산관리 수업,무천강,리드리드출판,자기계발
2023-09,159,키위엔 영어회화 하루 5분의 기적,박강준,키위엔,외국어
2023-09,160,28시간에 끝내는 토익스피킹 스타트,황인기 외,시원스쿨닷컴,외국어
2023-09,161,달러 투자 무작정 따라하기,박성현,길벗,경제/경영
2023-09,162,이상한 과자 가게 전천당 18,히로시마 레이코,길벗스쿨,어린이(초등)
2023-09,163,해커스 토익 RC Reading(리딩) 기본서,David Cho,해커스어학연구소,외국어
2023-09,164,정재승의 인간탐구보고서 12: 인간은 누구나 더없이 예술적이다,정재승,아울북,어린이(초등)
2023-09,165,살롱 드 경성,김인혜,해냄출판사,예술/대중문화
2023-09,166,해커스 여행 일본어 10분의 기적,해커스 일본어연구소,해커스어학연구소,외국어
2023-09,167,원펀맨(One Punch Man) 28,ONE,대원씨아이,만화
2023-09,168,파리의 심리학 카페,모드 르안,클랩북스,인문
2023-09,169,정의란 무엇인가,마이클 샌델,와이즈베리,인문
2023-09,170,나를 지키는 관계가 먼저입니다,안젤라 센,쌤앤파커스,자기계발
2023-09,171,나는 어떻게 삶의 해답을 찾는가,고명환,라곰,자기계발
2023-09,172,너무나 많은 여름이,김연수,레제,소설
2023-09,173,생각이 너무 많은 어른들을 위한 심리학(10만 부 기념 스페셜 에디션),김혜남,메이븐,인문
2023-09,174,딸이 조용히 무너져 있었다,김현아,창비,인문
2023-09,175,오백 년째 열다섯,김혜정,위즈덤하우스,청소년
2023-09,176,힘든 일을 먼저 하라,스콧 앨런,갤리온,자기계발
2023-09,177,채식주의자,한강,창비,소설
2023-09,178,이방인,알베르 카뮈,민음사,소설
2023-09,179,대화력의 비밀,황시투안,미디어숲,자기계발
2023-09,180,흔한남매의 흔한 호기심 9,흔한남매,미래엔아이세움,어린이(초등)
2023-09,181,때가 되면 너의 정원에 꽃이 필 거야,윤수빈,필름(Feelm),시/에세이
2023-09,182,요즘 어른을 위한 최소한의 세계사,임소미,빅피시,역사/문화
2023-09,183,홍학의 자리,정해연,엘릭시르,소설
2023-09,184,불꽃인생,김병갑,봄이야기,시/에세이
2023-09,185,모든 멋진 일에는 두려움이 따른다,이연,한빛라이프,시/에세이
2023-09,186,아는 만큼 보인다,유홍준,창비,역사/문화
2023-09,187,또 못 버린 물건들,은희경,난다,시/에세이
2023-09,188,10배의 법칙(리커버 에디션),그랜트 카돈,부키,자기계발
2023-09,189,하나님의 열심,박영선,무근검(남포교회출판부),종교
2023-09,190,프리워터,아미나 루크먼 도슨,밝은미래,어린이(초등)
2023-09,191,미움받을 용기(200만 부 기념 스페셜 에디션),기시미 이치로 외,인플루엔셜,인문
2023-09,192,"칵테일, 러브, 좀비 (리커버)",조예은,안전가옥,소설
2023-09,193,소설 보다 가을 2023,김지연 외,문학과지성사,소설
2023-09,194,전지적 독자 시점 PART 4&5: 굿즈키트 세트,싱숑,비채,소설
2023-09,195,달리기를 말할 때 내가 하고 싶은 이야기,무라카미 하루키,문학사상,시/에세이
2023-09,196,사람은 생각하는 대로 된다,얼 나이팅게일,빌리버튼,자기계발
2023-09,197,벤 버냉키의 21세기 통화 정책,벤 S. 버냉키,상상스퀘어,경제/경영
2023-09,198,사피엔스,유발 하라리,김영사,인문
2023-09,199,방구석 미술관,조원재,블랙피쉬,예술/대중문화
2023-09,200,타키 포오의 이세계 여행사 3,스튜디오 왓츠비,대원키즈,어린이(초등)
2023-08,101,바다가 들리는 편의점 2,마치다 소노코,모모,소설
2023-08,102,망그러진 만화,유랑,좋은생각,시/에세이
2023-08,103,당신은 사건 현장에 있습니다,모데스토 가르시아,중앙북스,취미/실용/스포츠
2023-08,104,벤 버냉키의 21세기 통화 정책,벤 S. 버냉키,상상스퀘어,경제/경영
2023-08,105,정브르의 희귀동물 일기,정브르,서울문화사,어린이(초등)
2023-08,106,연남동 빙굴빙굴 빨래방,김지윤,팩토리나인,소설
2023-08,107,아비투스(양장특별판),도리스 메르틴,다산초당,인문
2023-08,108,풍수전쟁,김진명,이타북스,소설
2023-08,109,이상한 그림,우케쓰,북다,소설
2023-08,110,그리스 로마 신화 34: 로마 왕국의 빛과 그림자,박시연,아울북,어린이(초등)
2023-08,111,세상의 마지막 기차역(리커버 에디션),무라세 다케시,모모,소설
2023-08,112,오펜하이머 각본집,크리스토퍼 놀란,허블,예술/대중문화
2023-08,113,그대들 어떻게 살 것인가,요시노 겐자부로,양철북,청소년
2023-08,114,나는 앞으로 몇 번의 보름달을 볼 수 있을까,사카모토 류이치,위즈덤하우스,시/에세이
2023-08,115,프리워터,아미나 루크먼 도슨,밝은미래,어린이(초등)
2023-08,116,아는 만큼 보인다,유홍준,창비,역사/문화
2023-08,117,힘든 일을 먼저 하라,스콧 앨런,갤리온,자기계발
2023-08,118,매스커레이드 게임,히가시노 게이고,현대문학,소설
2023-08,119,마법천자문 59: 옛 정신을 이어받다! 계승,유대영,아울북,어린이(초등)
2023-08,120,불안,알랭 드 보통,은행나무,시/에세이
2023-08,121,지브리 입체건축전 도록(복각판),스튜디오 지브리,학산문화사,만화
2023-08,122,너의 하루가 따숩길 바라,고은지,북라이프,시/에세이
2023-08,123,놓지 마 과학! 18: 악마견의 숨겨진 진실,신태훈 외,위즈덤하우스,어린이(초등)
2023-08,124,나를 지치게 하는 것들과 작별하는 심플라이프,제시카 로즈 윌리엄스,밀리언서재,자기계발
2023-08,125,키위엔 영어회화 하루 5분의 기적,박강준,키위엔,외국어
2023-08,126,ETS 토익기출 파트별 VOCA,ETS,YBM,외국어
2023-08,127,달러구트 꿈 백화점,이미예,팩토리나인,소설
2023-08,128,"돈을 찍어내는 제왕, 연준",크리스토퍼 레너드,세종서적,경제/경영
2023-08,129,나의 히어로 아카데미아 38,Kohei Horikoshi,서울미디어코믹스(서울문화사),만화
2023-08,130,원피스 105: 루피의 꿈,Eiichiro Oda,대원씨아이,만화
2023-08,131,슈뻘맨의 숨은 과학 찾기 1,서후,미래엔아이세움,어린이(초등)
2023-08,132,해커스 토익 RC Reading(리딩) 기본서,David Cho,해커스어학연구소,외국어
2023-08,133,임신 출산 육아 대백과 최신개정판,삼성출판사 편집부,삼성출판사,가정/육아
2023-08,134,속마음 들키지 않고 할 말 다 하는 심리 대화술,이노우에 도모스케,밀리언서재,자기계발
2023-08,135,이방인,알베르 카뮈,민음사,소설
2023-08,136,아인슈타인과 오펜하이머,실번 S. 위버,시대의창,역사/문화
2023-08,137,해커스 여행 일본어 10분의 기적,해커스 일본어연구소,해커스어학연구소,외국어
2023-08,138,누구도 나를 파괴할 수 없다,데이비드 고긴스,웅진지식하우스,자기계발
2023-08,139,끝내주는 인생,이슬아,디플롯,시/에세이
2023-08,140,약속,민시우,가쎄,어린이(초등)
2023-08,141,오백 년째 열다섯,김혜정,위즈덤하우스,청소년
2023-08,142,회복탄력성(15만부 기념 리커버),김주환,위즈덤하우스,자기계발
2023-08,143,흔한남매 수수께끼 어드벤처 3,노지영,미래엔아이세움,어린이(초등)
2023-08,144,"칵테일, 러브, 좀비 (리커버)",조예은,안전가옥,소설
2023-08,145,아버지의 해방일지,정지아,창비,소설
2023-08,146,전쟁 같은 맛,그레이스 M. 조,글항아리,시/에세이
2023-08,147,건강과 다이어트를 동시에 잡는 7대 3의 법칙 채소·과일식,조승우,바이북스,건강
2023-08,148,고양이 해결사 깜냥 5: 편의점을 환하게 밝혀라!,홍민정,창비,어린이(초등)
2023-08,149,시장 불변의 법칙,장지웅,여의도책방,경제/경영
2023-08,150,순도 100퍼센트의 휴식,박상영,인플루엔셜,시/에세이
2023-08,151,창조적 시선,김정운,아르테(arte),인문
2023-08,152,처음 읽는 그리스 로마 신화 10: 재주 많은 신과 인간들,최설희,미래엔아이세움,어린이(초등)
2023-08,153,별의 커비 디스커버리 1,다카세 미에,해피북스투유,어린이(초등)
2023-08,154,진짜 쓰는 실무 엑셀,오빠두(전진권),제이펍,컴퓨터/IT
2023-08,155,긴긴밤,루리,문학동네,어린이(초등)
2023-08,156,데뷔 못 하면 죽는 병 걸림 1,소흔 외,파인툰,만화
2023-08,157,최적의 공부 뇌,이케가야 유지,포레스트북스,청소년
2023-08,158,여행영어 10분의 기적,해커스어학연구소,해커스어학연구소,외국어
2023-08,159,최강 드래곤왕,학연 컨텐츠 개발팀,다락원,어린이(초등)
2023-08,160,해커스 보카(Hackers Vocabulary),David Cho,해커스어학연구소,외국어
2023-08,161,공부하고 있다는 착각,대니얼 T. 윌링햄,웅진지식하우스,인문
2023-08,162,경제기사 궁금증 300문 300답(2023),곽해선,혜다,경제/경영
2023-08,163,돈,보도 섀퍼,에포케,경제/경영
2023-08,164,히카루가 죽은 여름 2,모쿠모쿠 렌,디앤씨미디어,만화
2023-08,165,다정한 말이 똑똑한 말을 이깁니다,이재은,더퀘스트,자기계발
2023-08,166,웃소 7,한바리,미래엔아이세움,어린이(초등)
2023-08,167,눈사람 자살 사건,최승호,달아실,소설
2023-08,168,세계를 건너 너에게 갈게,이꽃님,문학동네,청소년
2023-08,169,꽃을 보듯 너를 본다,나태주,지혜,시/에세이
2023-08,170,"칩워, 누가 반도체 전쟁의 최후 승자가 될 것인가",크리스 밀러,부키,경제/경영
2023-08,171,주가 급등 사유 없음,장지웅,이상미디랩(이상미디어(주)),경제/경영
2023-08,172,도쿄 리벤저스 31,Ken Wakui,학산문화사,만화
2023-08,173,New 미꽃체 손글씨 노트,최현미(미꽃),시원북스,취미/실용/스포츠
2023-08,174,따라 하면 무조건 돈 버는 부동산 1인 법인 투자의 기술,유근용,비즈니스북스,경제/경영
2023-08,175,클루지,개리 마커스,갤리온,인문
2023-08,176,아가미,구병모,위즈덤하우스,소설
2023-08,177,홍학의 자리,정해연,엘릭시르,소설
2023-08,178,뚜식이 1,뚜식이,서울문화사,어린이(초등)
2023-08,179,10일 만에 끝내는 해커스 OPIc 오픽 Advanced 공략,해커스 오픽연구소,해커스,외국어
2023-08,180,아몬드(청소년),손원평,다즐링,청소년
2023-08,181,자소서 바이블 2.0,면접왕 이형,엔알디3,자기계발
2023-08,182,스틱!(15주년 기념판),칩 히스 외,웅진지식하우스,경제/경영
2023-08,183,하하 자매 떡집,김리리,비룡소,어린이(초등)
2023-08,184,인생의 저력,판덩,미디어숲,인문
2023-08,185,미래의 나를 구하러  갑니다,변지영,더퀘스트,인문
2023-08,186,"오늘 밤, 세계에서 이 사랑이 사라진다 해도",이치조 미사키,모모,소설
2023-08,187,아주 작은 습관의 힘,제임스 클리어,비즈니스북스,자기계발
2023-08,188,88번 버스의 기적,프레야 샘슨,모모,소설
2023-08,189,발명코믹북 무한의 계단 1: 전설의 시작,임우영,서울문화사,어린이(초등)
2023-08,190,명탐정 코난 103,Gosho Aoyama,서울미디어코믹스(서울문화사),만화
2023-08,191,태양 왕 수바: 수박의 전설,이지은,웅진주니어,유아(0~7세)
2023-08,192,해커스 토익 LC Listening(리스닝) 기본서,David Cho,해커스어학연구소,외국어
2023-08,193,지구 끝의 온실,김초엽,자이언트북스,소설
2023-08,194,읽으면서 바로 써먹는 어린이 맞춤법 행성,한날,파란정원,어린이(초등)
2023-08,195,여기는 루퐁이네: 안녕? 천사들,루퐁이,서울문화사,어린이(초등)
2023-08,196,사소한 추억의 힘,탁현민,메디치미디어,시/에세이
2023-08,197,밝은 밤,최은영,문학동네,소설
2023-08,198,김미경의 마흔 수업,김미경,어웨이크북스,자기계발
2023-08,199,오타니 쇼헤이의 쇼타임,고다마 미쓰오,차선책,자기계발
2023-08,200,사람은 생각하는 대로 된다,얼 나이팅게일,빌리버튼,자기계발
2023-07,101,나는 어떻게 삶의 해답을 찾는가,고명환,라곰,자기계발
2023-07,102,당신도 느리게 나이 들 수 있습니다,정희원,더퀘스트,인문
2023-07,103,너의 하루가 따숩길 바라,고은지,북라이프,시/에세이
2023-07,104,설민석의 한국사 대모험 25,설민석 외,단꿈아이,어린이(초등)
2023-07,105,환생학교 요괴반 1,웃소,미래엔아이세움,어린이(초등)
2023-07,106,누구도 나를 파괴할 수 없다,데이비드 고긴스,웅진지식하우스,자기계발
2023-07,107,이기적 유전자,리처드 도킨스,을유문화사,과학
2023-07,108,끝내주는 인생,이슬아,디플롯,시/에세이
2023-07,109,데미안,헤르만 헤세,민음사,소설
2023-07,110,코스모스,칼 세이건,사이언스북스,과학
2023-07,111,태양 왕 수바: 수박의 전설,이지은,웅진주니어,유아(0~7세)
2023-07,112,아기 판다 푸바오,에버랜드 동물원 외,시공주니어,시/에세이
2023-07,113,"칩워, 누가 반도체 전쟁의 최후 승자가 될 것인가",크리스 밀러,부키,경제/경영
2023-07,114,고양이 해결사 깜냥 5: 편의점을 환하게 밝혀라!,홍민정,창비,어린이(초등)
2023-07,115,마법천자문 59: 옛 정신을 이어받다! 계승,유대영,아울북,어린이(초등)
2023-07,116,브라질에 비가 내리면 스타벅스 주식을 사라,피터 나바로,에프엔미디어,경제/경영
2023-07,117,데일 카네기 자기관리론(국내최초 초판 무삭제 완역본),데일 카네기,현대지성,자기계발
2023-07,118,하하 자매 떡집,김리리,비룡소,어린이(초등)
2023-07,119,작별의 건너편,시미즈 하루키,모모,소설
2023-07,120,사자 츠나구 1: 산 자와 죽은 자 단 한 번의 해후,츠지무라 미즈키,리드리드출판,소설
2023-07,121,한 권으로 끝내는 해커스 토익 700+(LC+RC+VOCA),해커스 어학연구소,해커스어학연구소,외국어
2023-07,122,해커스 보카(Hackers Vocabulary),David Cho,해커스어학연구소,외국어
2023-07,123,지박소년 하나코 군 19,아이다이로,서울미디어코믹스(서울문화사),만화
2023-07,124,만일 내가 인생을 다시 산다면(35만 부 기념 스페셜 에디션),김혜남,메이븐,인문
2023-07,125,키위엔 영어회화 하루 5분의 기적,박강준,키위엔,외국어
2023-07,126,아비투스(양장특별판),도리스 메르틴,다산초당,인문
2023-07,127,눈에 갇힌 외딴 산장에서,히가시노 게이고,재인,소설
2023-07,128,타키 포오의 이세계 여행사 3,스튜디오 왓츠비,대원키즈,어린이(초등)
2023-07,129,망그러진 만화,유랑,좋은생각,시/에세이
2023-07,130,꽁꽁꽁 캠핑,윤정주,책읽는곰,유아(0~7세)
2023-07,131,달러구트 꿈 백화점,이미예,팩토리나인,소설
2023-07,132,여기는 루퐁이네: 안녕? 천사들,루퐁이,서울문화사,어린이(초등)
2023-07,133,이렇게 살면 큰일 나는 줄 알았지,리틀타네,웅진지식하우스,시/에세이
2023-07,134,열혈강호 88,전극진,대원씨아이,만화
2023-07,135,진짜 쓰는 실무 엑셀,오빠두(전진권),제이펍,컴퓨터/IT
2023-07,136,연수,장류진,창비,소설
2023-07,137,눈부신 안부,백수린,문학동네,소설
2023-07,138,읽으면서 바로 써먹는 어린이 맞춤법 행성,한날,파란정원,어린이(초등)
2023-07,139,월가의 영웅,피터 린치 외,국일증권경제연구소,경제/경영
2023-07,140,뚜식이 1,뚜식이,서울문화사,어린이(초등)
2023-07,141,인생을 결정짓는 내 안의 감정 패턴,황시투안,미디어숲,자기계발
2023-07,142,별의 커비 디스커버리 1,다카세 미에,해피북스투유,어린이(초등)
2023-07,143,슈뻘맨의 숨은 과학 찾기 1,서후,미래엔아이세움,어린이(초등)
2023-07,144,해커스 여행 일본어 10분의 기적,해커스 일본어연구소,해커스어학연구소,외국어
2023-07,145,"칵테일, 러브, 좀비 (리커버)",조예은,안전가옥,소설
2023-07,146,긴긴밤,루리,문학동네,어린이(초등)
2023-07,147,노회찬 평전,이광호,사회평론아카데미,정치/사회
2023-07,148,스파이 패밀리 11,Tatsuya Endo,학산문화사,만화
2023-07,149,클루지,개리 마커스,갤리온,인문
2023-07,150,스틱!(15주년 기념판),칩 히스 외,웅진지식하우스,경제/경영
2023-07,151,거인의 노트,김익한,다산북스,자기계발
2023-07,152,당신은 사건 현장에 있습니다,모데스토 가르시아,중앙북스,취미/실용/스포츠
2023-07,153,New 미꽃체 손글씨 노트,최현미(미꽃),시원북스,취미/실용/스포츠
2023-07,154,최강 드래곤왕,학연 컨텐츠 개발팀,다락원,어린이(초등)
2023-07,155,눈사람 자살 사건,최승호,달아실,소설
2023-07,156,"오늘 밤, 세계에서 이 사랑이 사라진다 해도",이치조 미사키,모모,소설
2023-07,157,마케팅 설계자,러셀 브런슨,윌북,경제/경영
2023-07,158,해커스 토익 스타트 RC Reading (리딩) 입문서,David Cho,해커스어학연구소,외국어
2023-07,159,맑은 날이 아니어서 오히려 좋아,김현지,북커스,시/에세이
2023-07,160,장하준의 경제학 레시피,장하준,부키,경제/경영
2023-07,161,2023 제14회 젊은작가상 수상작품집,이미상 외,문학동네,소설
2023-07,162,수상한 놀이공원 천옥원,히로시마 레이코,길벗스쿨,어린이(초등)
2023-07,163,그릿(50만부 판매 기념 리커버 골드에디션),앤절라 더크워스,비즈니스북스,자기계발
2023-07,164,꽃을 보듯 너를 본다,나태주,지혜,시/에세이
2023-07,165,똥볶이 할멈 5: 우리들의 해방일지,강효미,슈크림북,어린이(초등)
2023-07,166,여행영어 10분의 기적,해커스어학연구소,해커스어학연구소,외국어
2023-07,167,나는 장사의 신이다,은현장,떠오름(RISE),경제/경영
2023-07,168,세계를 건너 너에게 갈게,이꽃님,문학동네,청소년
2023-07,169,이적의 단어들,이적,김영사,시/에세이
2023-07,170,차가운 자본주의,윤루카스,떠오름(RISE),경제/경영
2023-07,171,수박 수영장(어나더커버 특별판),안녕달,창비,유아(0~7세)
2023-07,172,당연하게도 나는 너를,이꽃님,우리학교,청소년
2023-07,173,삼국지 경영학,최우석,을유문화사,자기계발
2023-07,174,블랙 쉽,브랜트 멘스워,필름(Feelm),자기계발
2023-07,175,신기한 맛 도깨비 식당 5,김용세 외,꿈터,어린이(초등)
2023-07,176,몰입 합본판,황농문,알에이치코리아,자기계발
2023-07,177,돌연한 출발,프란츠 카프카,민음사,소설
2023-07,178,+1분,마쓰다 미히로,미래타임즈,자기계발
2023-07,179,"챗GPT, 질문이 돈이 되는 세상",전상훈 외,미디어숲,경제/경영
2023-07,180,10일 만에 끝내는 해커스 OPIc 오픽 Advanced 공략,해커스 오픽연구소,해커스,외국어
2023-07,181,주택청약의 모든 것,한국부동산원,한빛비즈,경제/경영
2023-07,182,놀 수 있을 때 놀고 볼 수 있을 때 보고 갈 수 있을 때 가고,윤영미,몽스북,시/에세이
2023-07,183,다이어트 사이언스(2022),최겸,린체인저스,건강
2023-07,184,공자가 죽어야 나라가 산다,김경일,바다출판사,정치/사회
2023-07,185,사피엔스,유발 하라리,김영사,인문
2023-07,186,읽으면서 바로 써먹는 어린이 수수께끼: 공포 특급,한날,파란정원,어린이(초등)
2023-07,187,ETS 토익 단기공략 850+(LC+RC),ETS,YBM,외국어
2023-07,188,오싹오싹 편의점,김영진,책읽는곰,유아(0~7세)
2023-07,189,회복탄력성(15만부 기념 리커버),김주환,위즈덤하우스,자기계발
2023-07,190,지적 대화를 위한 넓고 얕은 지식: 제로 편,채사장,웨일북(whalebooks),인문
2023-07,191,권력과 진보,대런 아세모글루 외,생각의힘,정치/사회
2023-07,192,흔한남매 별난 세계 여행 1: 세계 유명 박물관,흔한남매,미래엔아이세움,어린이(초등)
2023-07,193,방구석 미술관,조원재,블랙피쉬,예술/대중문화
2023-07,194,소설 보다: 여름(2023),공현진 외,문학과지성사,소설
2023-07,195,히카루가 죽은 여름 1,모쿠모쿠 렌,디앤씨미디어,만화
2023-07,196,오백 년째 열다섯,김혜정,위즈덤하우스,청소년
2023-07,197,who? special 손흥민,강진희,다산어린이,어린이(초등)
2023-07,198,낭만 강아지 봉봉 4: 부러진 이빨 사건,홍민정,다산어린이,어린이(초등)
2023-06,101,벌거벗은 세계사: 잔혹사편,tvn<벌거벗은세계사>제작팀,교보문고,역사/문화
2023-06,102,산골 노승의 화려한 점심,향봉,불광출판사,종교
2023-06,103,최소한의 한국사(10만 부 기념 청자 에디션),최태성,프런트페이지,역사/문화
2023-06,104,해커스 토익 RC Reading(리딩) 기본서,David Cho,해커스어학연구소,외국어
2023-06,105,ETS 토익기출 파트별 VOCA,ETS,YBM,외국어
2023-06,106,상처 받지 않는 영혼,마이클 A. 싱어,라이팅하우스,인문
2023-06,107,주술회전 22: 사쿠라지마 콜로니 환생,Gege Akutami,서울미디어코믹스(서울문화사),만화
2023-06,108,난세일기,도올(김용옥),통나무,인문
2023-06,109,"비트코인, 그리고 달러의 지정학",오태민,거인의정원,경제/경영
2023-06,110,이기적 유전자,리처드 도킨스,을유문화사,과학
2023-06,111,읽으면서 바로 써먹는 어린이 맞춤법 행성,한날,파란정원,어린이(초등)
2023-06,112,에그박사 9,에그박사,미래엔아이세움,어린이(초등)
2023-06,113,지박소년 하나코 군 19,아이다이로,서울미디어코믹스(서울문화사),만화
2023-06,114,공자가 죽어야 나라가 산다,김경일,바다출판사,정치/사회
2023-06,115,사피엔스,유발 하라리,김영사,인문
2023-06,116,오싹오싹 편의점,김영진,책읽는곰,유아(0~7세)
2023-06,117,여기는 루퐁이네: 안녕? 천사들,루퐁이,서울문화사,어린이(초등)
2023-06,118,망그러진 만화,유랑,좋은생각,시/에세이
2023-06,119,나 자신으로 살아가기,임경선,마음산책,시/에세이
2023-06,120,설득의 심리학 1(20주년 기념 개정증보판),로버트 치알디니,21세기북스,자기계발
2023-06,121,나는 어떻게 삶의 해답을 찾는가,고명환,라곰,자기계발
2023-06,122,흔한남매 과학 탐험대 7: 생물 1,흔한남매,주니어김영사,어린이(초등)
2023-06,123,중국은 어떻게 실패하는가,마이클 베클리 외,부키,정치/사회
2023-06,124,더 좋은 삶을 위한 철학,마이클 슈어,김영사,인문
2023-06,125,몰입 합본판,황농문,알에이치코리아,자기계발
2023-06,126,당신이 플라시보다,조 디스펜자,샨티,자기계발
2023-06,127,리얼리티 트랜서핑 1,바딤 젤란드,정신세계사,자기계발
2023-06,128,코스모스,칼 세이건,사이언스북스,과학
2023-06,129,블랙 쇼맨과 환상의 여자,히가시노 게이고,알에이치코리아,소설
2023-06,130,아는 만큼 보인다,유홍준,창비,역사/문화
2023-06,131,끈기보다 끊기,유영만,문예춘추사,자기계발
2023-06,132,K 배터리 레볼루션,박순혁,지와인,경제/경영
2023-06,133,여학교의 별 3,와야마 야마,문학동네,만화
2023-06,134,시간 고양이 3: 해저 도시와 바다 괴물,박미연,이지북,어린이(초등)
2023-06,135,꽃을 보듯 너를 본다,나태주,지혜,시/에세이
2023-06,136,쓰이는 영문법 1,김수영(셀리),길벗이지톡,외국어
2023-06,137,당신은 사건 현장에 있습니다,모데스토 가르시아,중앙북스,취미/실용/스포츠
2023-06,138,클루지,개리 마커스,갤리온,인문
2023-06,139,진짜 쓰는 실무 엑셀,오빠두(전진권),제이펍,컴퓨터/IT
2023-06,140,고통의 비밀,몬티 라이먼,상상스퀘어,건강
2023-06,141,상처 주는 말 하는 친구에게 똑똑하게 말하는 법,김윤나,북라이프,어린이(초등)
2023-06,142,달러구트 꿈 백화점,이미예,팩토리나인,소설
2023-06,143,당신은 어떤 가면을 쓰고 있나요,양스위엔,미디어숲,자기계발
2023-06,144,자본주의,EBS 자본주의 제작팀,가나출판사,경제/경영
2023-06,145,나를 지치게 하는 것들과 작별하는 심플라이프,제시카 로즈 윌리엄스,밀리언서재,자기계발
2023-06,146,금강경 마음공부,페이융,유노북스,인문
2023-06,147,회복탄력성(15만부 기념 리커버),김주환,위즈덤하우스,자기계발
2023-06,148,돈은 좋지만 재테크는 겁나는 너에게,뿅글이,황금부엉이,경제/경영
2023-06,149,데미안,헤르만 헤세,민음사,소설
2023-06,150,나는 블로그로 월급보다 많이 번다,정태영(짜루),경이로움,경제/경영
2023-06,151,고래,천명관,문학동네,소설
2023-06,152,집단 착각,토드 로즈,21세기북스,인문
2023-06,153,긴긴밤,루리,문학동네,어린이(초등)
2023-06,154,최강 드래곤왕,학연 컨텐츠 개발팀,다락원,어린이(초등)
2023-06,155,고래,천명관,문학동네,소설
2023-06,156,세상 끝의 카페,존 스트레레키,클레이하우스,자기계발
2023-06,157,해커스 토익 LC Listening(리스닝) 기본서,David Cho,해커스어학연구소,외국어
2023-06,158,벌거벗은 세계사: 경제편,tvn<벌거벗은세계사>제작팀,교보문고,역사/문화
2023-06,159,마법천자문 58: 온 정성과 힘을 다한다! 최선,유대영,아울북,어린이(초등)
2023-06,160,모든 것은 기본에서 시작한다,손웅정,수오서재,시/에세이
2023-06,161,해커스 여행 일본어 10분의 기적,해커스 일본어연구소,해커스어학연구소,외국어
2023-06,162,스즈메의 문단속,신카이 마코토,하빌리스,소설
2023-06,163,맡겨진 소녀,클레어 키건,다산책방,소설
2023-06,164,그릿(50만부 판매 기념 리커버 골드에디션),앤절라 더크워스,비즈니스북스,자기계발
2023-06,165,설민석의 세계사 대모험 17,설민석 외,단꿈아이,어린이(초등)
2023-06,166,지적 대화를 위한 넓고 얕은 지식: 제로 편,채사장,웨일북(whalebooks),인문
2023-06,167,돈의 심리학(30만 부 기념 스페셜 에디션),모건 하우절,인플루엔셜,경제/경영
2023-06,168,채권투자 처음공부,포프리라이프(석동민),이레미디어,경제/경영
2023-06,169,나도 돈이란 걸 모아보고 싶어졌다,길시영,부커,경제/경영
2023-06,170,방구석 미술관,조원재,블랙피쉬,예술/대중문화
2023-06,171,여행영어 10분의 기적,해커스어학연구소,해커스어학연구소,외국어
2023-06,172,소설 보다: 여름(2023),공현진 외,문학과지성사,소설
2023-06,173,"오늘 밤, 세계에서 이 사랑이 사라진다 해도",이치조 미사키,모모,소설
2023-06,174,삐뽀삐뽀 119 이유식(2023 최신개정판),하정훈,유니책방,요리
2023-06,175,스틱!(15주년 기념판),칩 히스 외,웅진지식하우스,경제/경영
2023-06,176,"베르베르 씨, 오늘은 뭘 쓰세요?",베르나르 베르베르,열린책들,시/에세이
2023-06,177,아주 작은 습관의 힘,제임스 클리어,비즈니스북스,자기계발
2023-06,178,별의 커비 디스커버리 1,다카세 미에,해피북스투유,어린이(초등)
2023-06,179,66일 인문학 대화법,김종원,카시오페아,가정/육아
2023-06,180,메타버스 모든 것의 혁명,매튜 볼,다산북스,경제/경영
2023-06,181,밥 프록터 부의 원리,밥 프록터,윌북,자기계발
2023-06,182,마흔에 읽는 니체,장재형,유노북스,인문
2023-06,183,아기 판다 푸바오,에버랜드 동물원 외,시공주니어,시/에세이
2023-06,184,이걸 내 마음이라고 하자,황인찬,문학동네,시/에세이
2023-06,185,하룻밤에 읽는 그리스로마신화,이선종,아이템하우스,예술/대중문화
2023-06,186,타키 포오의 이세계 여행사 2,캐릭온TV,대원키즈,어린이(초등)
2023-06,187,기분을 관리하면 인생이 관리된다,김다슬,클라우디아,시/에세이
2023-06,188,마케팅 설계자,러셀 브런슨,윌북,경제/경영
2023-06,189,토익 단기공략 750+(LC+RC),ETS,YBM,외국어
2023-06,190,당신도 느리게 나이 들 수 있습니다,정희원,더퀘스트,인문
2023-06,191,"칵테일, 러브, 좀비 (리커버)",조예은,안전가옥,소설
2023-06,192,한 권으로 끝내는 해커스 토익 700+(LC+RC+VOCA),해커스 어학연구소,해커스어학연구소,외국어
2023-06,193,알아차림에 대한 알아차림,루퍼트 스파이라,퍼블리온,인문
2023-06,194,백년운동,정선근,아티잔,건강
2023-06,195,여기 가려고 주말을 기다렸어,주말랭이,빅피시,여행
2023-06,196,실전 매수매도 기법,김영옥(데이짱),이레미디어,경제/경영
2023-06,197,형사 박미옥,박미옥,이야기장수,시/에세이
2023-06,198,초수익 성장주 투자,마크 미너비니,이레미디어,경제/경영
2023-06,199,156층 나무 집,앤디 그리피스,시공주니어,어린이(초등)
2023-05,101,챗GPT 거대한 전환,김수민 외,알에이치코리아,경제/경영
2023-05,102,마흔에 읽는 니체,장재형,유노북스,인문
2023-05,103,몰입 합본판,황농문,알에이치코리아,자기계발
2023-05,104,해커스 일본어 첫걸음: 기초20일 독학 완성!,해커스 일본어연구소,해커스어학연구소,외국어
2023-05,105,부의 추월차선(10주년 스페셜 에디션),엠제이 드마코,토트,경제/경영
2023-05,106,풍수전쟁,김진명,이타북스,소설
2023-05,107,투자의 역사는 반드시 되풀이 된다,정광우,포레스트북스,경제/경영
2023-05,108,똑게육아,로리(김준희),북로스트,가정/육아
2023-05,109,이상한 과자 가게 전천당 17,히로시마 레이코,길벗스쿨,어린이(초등)
2023-05,110,아비투스(양장특별판),도리스 메르틴,다산초당,인문
2023-05,111,당신은 사건 현장에 있습니다,모데스토 가르시아,중앙북스,취미/실용/스포츠
2023-05,112,"괜찮아, 그 길 끝에 행복이 기다릴 거야",손미나,코알라컴퍼니,시/에세이
2023-05,113,별의 커비 디스커버리 1,다카세 미에,해피북스투유,어린이(초등)
2023-05,114,"오늘 밤, 세계에서 이 사랑이 사라진다 해도",이치조 미사키,모모,소설
2023-05,115,최강 드래곤왕,학연 컨텐츠 개발팀,다락원,어린이(초등)
2023-05,116,코스모스,칼 세이건,사이언스북스,과학
2023-05,117,데미안,헤르만 헤세,민음사,소설
2023-05,118,당신이 모르는 민주주의,마이클 샌델,와이즈베리,인문
2023-05,119,기분을 관리하면 인생이 관리된다,김다슬,클라우디아,시/에세이
2023-05,120,돈의 심리학(30만 부 기념 스페셜 에디션),모건 하우절,인플루엔셜,경제/경영
2023-05,121,슬램덩크 1: 강백호(신장재편판),Takehiko Inoue,대원씨아이,만화
2023-05,122,1퍼센트 부자의 법칙,사이토 히토리,나비스쿨,자기계발
2023-05,123,진화하는 언어,닉 채터 외,웨일북(whalebooks),인문
2023-05,124,아웃풋 법칙,김재수(렘군),더퀘스트,자기계발
2023-05,125,김대석 셰프의 집밥 레시피,김대석,경향BP,요리
2023-05,126,New 대한민국 청약지도,정지영(아임해피),다산북스,경제/경영
2023-05,127,진짜 쓰는 실무 엑셀,오빠두(전진권),제이펍,컴퓨터/IT
2023-05,128,경제 읽어주는 남자의 15분 경제 특강,김광석,더퀘스트,경제/경영
2023-05,129,꽃을 보듯 너를 본다,나태주,지혜,시/에세이
2023-05,130,66일 인문학 대화법,김종원,카시오페아,가정/육아
2023-05,131,건전지 엄마,강인숙 외,창비,유아(0~7세)
2023-05,132,who? special 손흥민,강진희,다산어린이,어린이(초등)
2023-05,133,바로 매출이 오르는 스마트스토어,전준혁,나비의활주로,경제/경영
2023-05,134,귀멸 학원! 3,Natsuki Hokami,학산문화사,만화
2023-05,135,끈기보다 끊기,유영만,문예춘추사,자기계발
2023-05,136,죽이고 싶은 아이,이꽃님,우리학교,청소년
2023-05,137,오싹오싹 편의점,김영진,책읽는곰,유아(0~7세)
2023-05,138,요괴어사,설민석 외,단꿈아이,소설
2023-05,139,부자의 그릇,이즈미 마사토,다산북스,경제/경영
2023-05,140,한국형 가치투자,최준철 외,이콘,경제/경영
2023-05,141,오늘도 너를 사랑해,이누이 사에코,비룡소,유아(0~7세)
2023-05,142,설민석의 한국사 대모험 24,설민석 외,단꿈아이,어린이(초등)
2023-05,143,그릿(50만부 판매 기념 리커버 골드에디션),앤절라 더크워스,비즈니스북스,자기계발
2023-05,144,당신도 느리게 나이 들 수 있습니다,정희원,더퀘스트,인문
2023-05,145,세상 끝의 카페,존 스트레레키,클레이하우스,자기계발
2023-05,146,유현준의 인문 건축 기행,유현준,을유문화사,인문
2023-05,147,회복탄력성(15만부 기념 리커버),김주환,위즈덤하우스,자기계발
2023-05,148,당연하게도 나는 너를,이꽃님,우리학교,청소년
2023-05,149,해커스 여행 일본어 10분의 기적,해커스 일본어연구소,해커스어학연구소,외국어
2023-05,150,오늘부터 성장할 나에게,김새해,필름(Feelm),시/에세이
2023-05,151,여행영어 10분의 기적,해커스어학연구소,해커스어학연구소,외국어
2023-05,152,굿바이 코드네임,강경수,시공주니어,어린이(초등)
2023-05,153,나 자신으로 살아가기,임경선,마음산책,시/에세이
2023-05,154,아주 작은 습관의 힘,제임스 클리어,비즈니스북스,자기계발
2023-05,155,채사장의 지대넓얕 6: 성장 VS 분배,채사장 외,돌핀북,어린이(초등)
2023-05,156,지적 대화를 위한 넓고 얕은 지식: 제로 편,채사장,웨일북(whalebooks),인문
2023-05,157,너의 이름은.,신카이 마코토,대원씨아이,소설
2023-05,158,집단 착각,토드 로즈,21세기북스,인문
2023-05,159,저주토끼,정보라,래빗홀,소설
2023-05,160,방구석 미술관,조원재,블랙피쉬,예술/대중문화
2023-05,161,흔한남매 수수께끼 어드벤처 2,흔한남매,미래엔아이세움,어린이(초등)
2023-05,162,오백 년째 열다섯 2: 구슬의 무게(10만부 기념 교보문고 단독 리커버),김혜정,위즈덤하우스,청소년
2023-05,163,예수에 대해 우리가 잘 모르던 이야기,이종범,아마존북스,종교
2023-05,164,흔한남매의 흔한 호기심 8,흔한남매,미래엔아이세움,어린이(초등)
2023-05,165,초수익 성장주 투자,마크 미너비니,이레미디어,경제/경영
2023-05,166,열 번 잘해도 한 번 실수로 무너지는 게 관계다,김다슬,클라우디아,시/에세이
2023-05,167,나는 왜 사랑할수록 불안해질까,제시카 바움,부키,인문
2023-05,168,화산귀환 3,STUDIO LICO,에이템포미디어,만화
2023-05,169,달러구트 꿈 백화점,이미예,팩토리나인,소설
2023-05,170,ETS 토익기출 파트별 VOCA,ETS,YBM,외국어
2023-05,171,수상한 교장실,박현숙,북멘토,어린이(초등)
2023-05,172,미움받을 용기(200만 부 기념 스페셜 에디션),기시미 이치로 외,인플루엔셜,인문
2023-05,173,일머리 문해력,송숙희,교보문고,자기계발
2023-05,174,협상의 기술 1,허브 코헨,김영사,자기계발
2023-05,175,무조건 맛있어! 옥주부 반찬,정종철,몽스북,요리
2023-05,176,공정하다는 착각,마이클 샌델,와이즈베리,인문
2023-05,177,10배의 법칙,그랜트 카돈,부키,자기계발
2023-05,178,해커스 토익 RC Reading(리딩) 기본서,David Cho,해커스어학연구소,외국어
2023-05,179,백년운동,정선근,아티잔,건강
2023-05,180,작별인사,김영하,복복서가,소설
2023-05,181,디베이터,서보현,문학동네,인문
2023-05,182,백년허리 2: 치료편,정선근,언탱글링,건강
2023-05,183,클루지,개리 마커스,갤리온,인문
2023-05,184,이미 시작된 전쟁,이철,페이지2북스,정치/사회
2023-05,185,네 기분은 어떤 색깔이니?,최숙희,책읽는곰,유아(0~7세)
2023-05,186,노르웨이의 숲,무라카미 하루키,민음사,소설
2023-05,187,사피엔스,유발 하라리,김영사,인문
2023-05,188,"칵테일, 러브, 좀비 (리커버)",조예은,안전가옥,소설
2023-05,189,읽으면서 바로 써먹는 어린이 수수께끼: 공포 특급,한날,파란정원,어린이(초등)
2023-05,190,파친코 1,이민진,인플루엔셜,소설
2023-05,191,기분이 태도가 되지 않게(에스더버니 에디션),레몬심리,갤리온,자기계발
2023-05,192,괜찮은 어른이 되고 싶어서,봉태규,더퀘스트,시/에세이
2023-05,193,다정한 것이 살아남는다,브라이언 헤어 외,디플롯,과학
2023-05,194,여섯 걸음,원유경,규장,종교
2023-05,195,한 번뿐인 인생은 어떻게 살아야 하는가,박찬위,하이스트,시/에세이
2023-05,196,프레임,최인철,21세기북스,자기계발
2023-05,197,"어서 오세요, 휴남동 서점입니다",황보름,클레이하우스,소설
2023-05,198,마음을 사로잡는 말센스의 비밀,장차오,미디어숲,자기계발
2023-05,199,마음 방울 채집(윈터 에디션),무운,밝은세상,시/에세이
2023-04,101,고성국의 공산당선언,고성국,지우출판,정치/사회
2023-04,102,기분을 관리하면 인생이 관리된다,김다슬,클라우디아,시/에세이
2023-04,103,열 번 잘해도 한 번 실수로 무너지는 게 관계다,김다슬,클라우디아,시/에세이
2023-04,104,긴긴밤,루리,문학동네,어린이(초등)
2023-04,105,원펀맨(One Punch Man) 27,One,대원씨아이,만화
2023-04,106,견딜 수 없는 사랑,이언 매큐언,복복서가,소설
2023-04,107,몰입 합본판,황농문,알에이치코리아,자기계발
2023-04,108,"엣지, 한 끗의 차이를 만드는 내 안의 힘",로라 후앙,세계사,자기계발
2023-04,109,면접바이블 2.0,면접왕 이형,얼라이브북스(Alivebooks),자기계발
2023-04,110,New 대한민국 청약지도,정지영(아임해피),다산북스,경제/경영
2023-04,111,정재승의 인간탐구보고서 11: 인간을 울고 웃게 만드는 스트레스,정재승,아울북,어린이(초등)
2023-04,112,클루지,개리 마커스,갤리온,인문
2023-04,113,부의 추월차선(10주년 스페셜 에디션),엠제이 드마코,토트,경제/경영
2023-04,114,지적 대화를 위한 넓고 얕은 지식: 제로 편,채사장,웨일북(whalebooks),인문
2023-04,115,원피스 104: 와노쿠니 쇼군 코즈키 모모노스케,Eiichiro Oda,대원씨아이,만화
2023-04,116,흔한남매 이상한 나라의 고전 읽기 3,최재훈,미래엔아이세움,어린이(초등)
2023-04,117,최애의 아이 9,Aka Akasaka 외,대원씨아이,만화
2023-04,118,생에 감사해,김혜자,수오서재,시/에세이
2023-04,119,효기심의 권력으로 읽는 세계사: 유럽 편,효기심,다산초당,역사/문화
2023-04,120,이지성의 1만 킬로미터,이지성,차이정원,시/에세이
2023-04,121,이토록 평범한 미래,김연수,문학동네,소설
2023-04,122,그릿(50만부 판매 기념 리커버 골드에디션),앤절라 더크워스,비즈니스북스,자기계발
2023-04,123,흔한남매의 흔한 호기심 8,흔한남매,미래엔아이세움,어린이(초등)
2023-04,124,환상서점,소서림,해피북스투유,소설
2023-04,125,코스모스,칼 세이건,사이언스북스,과학
2023-04,126,슬램덩크 챔프,Takehiko Inoue,대원씨아이,만화
2023-04,127,꽤 괜찮은 해피엔딩,이지선,문학동네,시/에세이
2023-04,128,ETS 토익기출 파트별 VOCA,ETS,YBM,외국어
2023-04,129,10배의 법칙,그랜트 카돈,부키,자기계발
2023-04,130,별의 커비 디스커버리 2,다카세 미에,해피북스투유,어린이(초등)
2023-04,131,디깅(Digging),박치은,다크호스,자기계발
2023-04,132,우울한 마음도 습관입니다,박상미,저녁달,인문
2023-04,133,체인지업 4.0,카이정,라온북,경제/경영
2023-04,134,너의 이름은.,신카이 마코토,대원씨아이,소설
2023-04,135,표류하는 세계,스콧 갤러웨이,리더스북,경제/경영
2023-04,136,해커스 토익 RC Reading(리딩) 기본서,David Cho,해커스어학연구소,외국어
2023-04,137,회복탄력성(15만부 기념 리커버),김주환,위즈덤하우스,자기계발
2023-04,138,우리는 왜 임영웅을 사랑하는가,조위,한스미디어,예술/대중문화
2023-04,139,여행영어 10분의 기적,해커스어학연구소,해커스어학연구소,외국어
2023-04,140,여기는 루퐁이네: 안녕? 천사들,루퐁이,서울문화사,어린이(초등)
2023-04,141,꽃을 보듯 너를 본다,나태주,지혜,시/에세이
2023-04,142,거의 모든 일상 표현의 영어,케빈 강 외,사람in,외국어
2023-04,143,나는 집 대신 땅에 투자한다,김종율 외,한국경제신문,경제/경영
2023-04,144,작별인사,김영하,복복서가,소설
2023-04,145,흔한남매 수수께끼 어드벤처 2,흔한남매,미래엔아이세움,어린이(초등)
2023-04,146,챗GPT 거대한 전환,김수민 외,알에이치코리아,경제/경영
2023-04,147,파친코 1,이민진,인플루엔셜,소설
2023-04,148,백년허리 2: 치료편,정선근,언탱글링,건강
2023-04,149,영어책 한 권 외워봤니?,김민식,위즈덤하우스,자기계발
2023-04,150,타키 포오의 이세계 여행사 1,캐릭온TV,대원키즈,어린이(초등)
2023-04,151,나 자신에게 ‘좋아요’를 눌러주세요,쓰지 슈이치,밀리언서재,자기계발
2023-04,152,네 기분은 어떤 색깔이니?,최숙희,책읽는곰,유아(0~7세)
2023-04,153,다정한 것이 살아남는다,브라이언 헤어 외,디플롯,과학
2023-04,154,당신은 사건 현장에 있습니다,모데스토 가르시아,중앙북스,취미/실용/스포츠
2023-04,155,잘 살고 싶은 마음이 어렵게 느껴질 때,일홍,필름(Feelm),시/에세이
2023-04,156,당연하게도 나는 너를,이꽃님,우리학교,청소년
2023-04,157,아주 작은 습관의 힘,제임스 클리어,비즈니스북스,자기계발
2023-04,158,오백 년째 열다섯 2: 구슬의 무게(10만부 기념 교보문고 단독 리커버),김혜정,위즈덤하우스,청소년
2023-04,159,생기부 필독서 100,주경아 외,센시오,중/고등참고서
2023-04,160,멈출 수 없는 우리 1,유발 하라리,주니어김영사,어린이(초등)
2023-04,161,블랙 쇼맨과 환상의 여자,히가시노 게이고,알에이치코리아,소설
2023-04,162,공정하다는 착각,마이클 샌델,와이즈베리,인문
2023-04,163,재롱 잔치,재롱이 누나,샘터(샘터사),시/에세이
2023-04,164,죽이고 싶은 아이,이꽃님,우리학교,청소년
2023-04,165,who? special 손흥민,강진희,다산어린이,어린이(초등)
2023-04,166,모든 것은 기본에서 시작한다,손웅정,수오서재,시/에세이
2023-04,167,언어의 무게,파스칼 메르시어,비채,소설
2023-04,168,미움받을 용기(200만 부 기념 스페셜 에디션),기시미 이치로 외,인플루엔셜,인문
2023-04,169,그대 늙어가는 것이 아니라 익어가는 것이다,오평선,포레스트북스,시/에세이
2023-04,170,체인소 맨 13,Tatsuki Fujimoto,학산문화사,만화
2023-04,171,하얼빈,김훈,문학동네,소설
2023-04,172,무조건 합격하는 암기의 기술,이윤규,더퀘스트,자기계발
2023-04,173,나는 3학년 2반 7번 애벌레,김원아,창비,어린이(초등)
2023-04,174,달러구트 꿈 백화점,이미예,팩토리나인,소설
2023-04,175,잘되는 회사는 분명 특별한 이유가 있다,김용희 외,아테나북스,경제/경영
2023-04,176,해커스 여행 일본어 10분의 기적,해커스 일본어연구소,해커스어학연구소,외국어
2023-04,177,마케팅 설계자,러셀 브런슨,윌북,경제/경영
2023-04,178,인스타 브레인,안데르스 한센,동양북스,인문
2023-04,179,챗 GPT: GPT 노마드의 탄생,반병현,생능북스,경제/경영
2023-04,180,심리학이 제갈량에게 말하다 2,천위안,리드리드출판,자기계발
2023-04,181,백년운동,정선근,아티잔,건강
2023-04,182,사피엔스(양장 특별판),유발 하라리,김영사,인문
2023-04,183,너의 하루가 따숩길 바라,고은지,북라이프,시/에세이
2023-04,184,체리새우: 비밀글입니다,황영미,문학동네,청소년
2023-04,185,영어회화 핵심패턴 233,백선엽,길벗이지톡,외국어
2023-04,186,마법천자문 57: 내 뜻을 알려라! 신호,유대영,아울북,어린이(초등)
2023-04,187,벌거벗은 한국사: 권력편,tvN STORY 〈벌거벗은 한국사〉 제작팀,프런트페이지,역사/문화
2023-04,188,악인론,손수현,다산북스,자기계발
2023-04,189,도파민네이션,애나 렘키,흐름출판,인문
2023-04,190,방구석 미술관,조원재,블랙피쉬,예술/대중문화
2023-04,191,비상식적 성공 법칙(리커버:K),간다 마사노리,생각지도,자기계발
2023-04,192,스틱!(15주년 기념판),칩 히스 외,웅진지식하우스,경제/경영
2023-04,193,도쿄 에일리언즈 6,NAOE,서울미디어코믹스(서울문화사),만화
2023-04,194,기적의 집밥책,김해진,청림라이프,요리
2023-04,195,희망의 끈,히가시노 게이고,재인,소설
2023-04,196,나는 오래된 거리처럼 너를 사랑하고,진은영,문학과지성사,시/에세이
2023-04,197,홈 스위트 홈(제46회 이상문학상 작품집 2023년),최진영 외,문학사상,소설
2023-04,198,읽으면서 바로 써먹는 어린이 수수께끼: 공포 특급,한날,파란정원,어린이(초등)
2023-04,199,한 번뿐인 인생은 어떻게 살아야 하는가,박찬위,하이스트,시/에세이
2023-03,101,망그러진 만화,유랑,좋은생각,시/에세이
2023-03,102,홈 스위트 홈(제46회 이상문학상 작품집 2023년),최진영 외,문학사상,소설
2023-03,103,이직 바이블,이준희(면접왕 이형),얼라이브북스(Alivebooks),자기계발
2023-03,104,미루는 습관 극복하기,리스창,정민미디어,자기계발
2023-03,105,키위엔 영어회화 하루 5분의 기적,박강준,키위엔,외국어
2023-03,106,클루지,개리 마커스,갤리온,인문
2023-03,107,데일리 필로소피,라이언 홀리데이 외,다산초당,인문
2023-03,108,흔한남매 이상한 나라의 고전 읽기 3,최재훈,미래엔아이세움,어린이(초등)
2023-03,109,긴긴밤,루리,문학동네,어린이(초등)
2023-03,110,조국의 법고전 산책,조국,오마이북,인문
2023-03,111,악인론,손수현,다산북스,자기계발
2023-03,112,토익 단기공략 750+(LC+RC),ETS,YBM,외국어
2023-03,113,해커스 토익 LC Listening(리스닝) 기본서,David Cho,해커스어학연구소,외국어
2023-03,114,코스모스,칼 세이건,사이언스북스,과학
2023-03,115,파친코 1,이민진,인플루엔셜,소설
2023-03,116,그대 늙어가는 것이 아니라 익어가는 것이다,오평선,포레스트북스,시/에세이
2023-03,117,Go Go 카카오프렌즈 27: 스위스,김미영,아울북,어린이(초등)
2023-03,118,모든 것은 기본에서 시작한다,손웅정,수오서재,시/에세이
2023-03,119,우리가 운명이라고 불렀던 것들,슈테판 클라인,포레스트북스,과학
2023-03,120,모순,양귀자,쓰다,소설
2023-03,121,일머리 문해력,송숙희,교보문고,자기계발
2023-03,122,순간을 믿어요,이석원,을유문화사,시/에세이
2023-03,123,슬램덩크 그로부터 10일 후 (SLAM DUNK 10 DAYS AFTER),대원씨아이 편집부,대원씨아이,만화
2023-03,124,회사는 엑셀을 가르쳐주지 않아요,쏘피(박성희),메가스터디북스,컴퓨터/IT
2023-03,125,정의란 무엇인가,마이클 샌델,와이즈베리,인문
2023-03,126,챗GPT 기회를 잡는 사람들,장민,알투스,경제/경영
2023-03,127,5천만 원으로 시작하는 미라클 기적의 재개발 재건축,진와이스(장미진),리더스북,경제/경영
2023-03,128,아주 작은 습관의 힘,제임스 클리어,비즈니스북스,자기계발
2023-03,129,생기부 필독서 100,주경아 외,센시오,중/고등참고서
2023-03,130,우리는 모두 죽는다는 것을 기억하라,웨인 다이어,토네이도,자기계발
2023-03,131,해커스 보카(Hackers Vocabulary),David Cho,해커스어학연구소,외국어
2023-03,132,장하준의 경제학 레시피,장하준,부키,경제/경영
2023-03,133,대한민국 산업지도(2023),이래학,경이로움,경제/경영
2023-03,134,아주 세속적인 지혜,발타자르 그라시안,페이지2북스,자기계발
2023-03,135,스틱!(15주년 기념판),칩 히스 외,웅진지식하우스,경제/경영
2023-03,136,해커스 토익 스타트 RC Reading (리딩) 입문서,David Cho,해커스어학연구소,외국어
2023-03,137,타키 포오 코믹 어드벤처 1,캐릭온TV,대원키즈,어린이(초등)
2023-03,138,너의 하루가 따숩길 바라,고은지,북라이프,시/에세이
2023-03,139,체인지업 4.0,카이정,라온북,경제/경영
2023-03,140,심판,베르나르 베르베르,열린책들,소설
2023-03,141,작별인사,김영하,복복서가,소설
2023-03,142,"칵테일, 러브, 좀비 (리커버)",조예은,안전가옥,소설
2023-03,143,돈은 좋지만 재테크는 겁나는 너에게,뿅글이,황금부엉이,경제/경영
2023-03,144,세상은 실제로 어떻게 돌아가는가,바츨라프 스밀,김영사,인문
2023-03,145,지적 대화를 위한 넓고 얕은 지식 2,채사장,웨일북(whalebooks),인문
2023-03,146,가짜 모범생,손현주,특별한서재,청소년
2023-03,147,Hear(히어),야마네 히로시,밀리언서재,자기계발
2023-03,148,해커스 OPIc 오픽 Advanced 공략,해커스 오픽연구소,해커스,외국어
2023-03,149,경제기사 궁금증 300문 300답(2023),곽해선,혜다,경제/경영
2023-03,150,내가 틀릴 수도 있습니다(토마스 산체스 에디션),비욘 나티코 린데블라드,다산초당,인문
2023-03,151,우울한 마음도 습관입니다,박상미,저녁달,인문
2023-03,152,정리하는 뇌,대니얼 J. 레비틴,와이즈베리,인문
2023-03,153,체리새우: 비밀글입니다,황영미,문학동네,청소년
2023-03,154,잘될 수밖에 없는 너에게,최서영,북로망스,시/에세이
2023-03,155,그리스 로마 신화 32: 운명을 바꾼 야누스의 문,박시연,아울북,어린이(초등)
2023-03,156,죽이고 싶은 아이,이꽃님,우리학교,청소년
2023-03,157,거의 모든 일상 표현의 영어,케빈 강 외,사람in,외국어
2023-03,158,네 기분은 어떤 색깔이니?,최숙희,책읽는곰,유아(0~7세)
2023-03,159,돈의 심리학(30만 부 기념 스페셜 에디션),모건 하우절,인플루엔셜,경제/경영
2023-03,160,오십에 읽는 순자,최종엽,유노북스,인문
2023-03,161,미움받을 용기(200만 부 기념 스페셜 에디션),기시미 이치로 외,인플루엔셜,인문
2023-03,162,달러구트 꿈 백화점,이미예,팩토리나인,소설
2023-03,163,봇치ㆍ더ㆍ록! 4,Aki Hamazi,대원씨아이,만화
2023-03,164,꽃을 보듯 너를 본다,나태주,지혜,시/에세이
2023-03,165,도쿄 리벤저스 30,Ken Wakui,학산문화사,만화
2023-03,166,더 좋은 삶을 위한 철학,마이클 슈어,김영사,인문
2023-03,167,여행영어 10분의 기적,해커스어학연구소,해커스어학연구소,외국어
2023-03,168,한 권으로 끝내는 해커스 토익 700+(LC+RC+VOCA),해커스 어학연구소,해커스어학연구소,외국어
2023-03,169,방주,유키 하루오,블루홀식스(블루홀6),소설
2023-03,170,세상에서 가장 쉬운 본질육아,지나영,21세기북스,가정/육아
2023-03,171,후파 광륜의 초마신,학산문화사 편집부,학산문화사,어린이(초등)
2023-03,172,회복탄력성(15만부 기념 리커버),김주환,위즈덤하우스,자기계발
2023-03,173,나 혼자만 레벨업 7(만화),장성락,디앤씨웹툰비즈,만화
2023-03,174,방구석 미술관,조원재,블랙피쉬,예술/대중문화
2023-03,175,백년허리 2: 치료편,정선근,언탱글링,건강
2023-03,176,작가는 어떻게 읽는가,조지 손더스,어크로스,인문
2023-03,177,당신은 사건 현장에 있습니다,모데스토 가르시아,중앙북스,취미/실용/스포츠
2023-03,178,얼굴만으론 좋아할 수 없어요 6,Karin Anzai,서울미디어코믹스(서울문화사),만화
2023-03,179,멋진 신세계,올더스 헉슬리,소담출판사,소설
2023-03,180,영어회화 핵심패턴 233,백선엽,길벗이지톡,외국어
2023-03,181,나는 오래된 거리처럼 너를 사랑하고,진은영,문학과지성사,시/에세이
2023-03,182,오둥이입니다만!(겨울 에디션),송 스튜디오,북로망스,시/에세이
2023-03,183,들숨에 긍정 날숨에 용기,지나영,자음과모음,청소년
2023-03,184,안젤리크,기욤 뮈소,밝은세상,소설
2023-03,185,싯다르타,헤르만 헤세,민음사,소설
2023-03,186,씽킹 101,안우경,흐름출판,인문
2023-03,187,읽으면서 바로 써먹는 어린이 수수께끼: 공포 특급,한날,파란정원,어린이(초등)
2023-03,188,공정하다는 착각,마이클 샌델,와이즈베리,인문
2023-03,189,28시간에 끝내는 토익스피킹 스타트,황인기 외,시원스쿨닷컴,외국어
2023-03,190,설민석의 세계사 대모험 16,설민석 외,단꿈아이,어린이(초등)
2023-03,191,세계를 건너 너에게 갈게,이꽃님,문학동네,청소년
2023-03,192,블라인드 7: 서바이벌 게임 살인사건,한바리,서울문화사,어린이(초등)
2023-03,193,"어서 오세요, 휴남동 서점입니다",황보름,클레이하우스,소설
2023-03,194,해커스 여행 일본어 10분의 기적,해커스 일본어연구소,해커스어학연구소,외국어
2023-03,195,웃소 6,한바리,미래엔아이세움,어린이(초등)
2023-03,196,"돈, 뜨겁게 사랑하고 차갑게 다루어라",앙드레 코스톨라니,미래의창,경제/경영
2023-03,197,"마흔, 다시 만날 것처럼 헤어져라",조우성,서삼독,자기계발
2023-03,198,하버드 첫 강의 시간관리 수업(특별판 리커버 에디션),쉬셴장,리드리드출판,자기계발
2023-03,199,156층 나무 집,앤디 그리피스,시공주니어,어린이(초등)
