date,raanking,title,writer,press,kategorie
202402,101,코스모스,칼 세이건 저/홍승수 역,사이언스북스,자연과학
202401,101,2024 이기적 컴퓨터활용능력 1급 필기 기본서,"홍태성,영진정보연구소 공저",영진닷컴,IT 모바일
202301,101,8주간의 기적 근육의 부활,조명기 저,청림Life,건강 취미
202302,101,마케팅 설계자,러셀 브런슨 저/이경식 역,윌북(willbook),경제 경영
202303,101,레버리지,롭 무어 저/김유미 역,다산북스,경제 경영
202304,101,슬램덩크 신장재편판 15,"이노우에 타케히코 글,그림",대원,만화/라이트노벨
202305,101,"2023 큰별쌤 최태성의 별별한국사 기출 500제 한국사능력검정시험 심화(1,2,3급)",최태성 저,이투스북,수험서 자격증
202306,101,인생의 열 가지 생각,이해인 저,마음산책,에서이
202307,101,총 균 쇠,재레드 다이아몬드 저/강주헌 역,김영사,인문
202308,101,부의 추월차선 (10주년 스페셜 에디션),엠제이 드마코 저/신소영 역,토트출판사,경제 경영
202309,101,정재승의 인간 탐구 보고서 12,"정재승 기획/정재은,이고은 글/김현민 그림",아울북,어린이
202310,101,도파민네이션,애나 렘키 저/김두완 역,흐름출판,인문
202311,101,바다가 들리는 편의점,마치다 소노코 저/황국영 역,모모,소설/시/희곡
202312,101,총 균 쇠,재레드 다이아몬드 저/강주헌 역,김영사,인문
202201,101,세븐 테크,"김미경,김상균,김세규,김승주,이경전,이한주,정지훈,최재붕,한재권 저",웅진지식하우스,경제 경영
202202,101,마법천자문 52,유대영 글/홍거북 그림/김창환 감수,아울북,어린이
202203,101,벌거벗은 세계사 : 사건편,tvN〈벌거벗은 세계사〉제작팀 저,교보문고,역사
202402,102,조용헌의 내공,조용헌 저,생각정원,인문
202401,102,사는 동안 한 번은 팔아봐라,서과장 저,마인드셋(Mindset),자기계발
202301,102,해커스 일본어 첫걸음 : 일본어 기초 20일 독학 완성!,해커스 일본어연구소 저,해커스어학연구소,국어 외국어 사전
202302,102,"어머니, 사교육을 줄이셔야 합니다",정승익 저,메이트북스,가정 살림
202303,102,2023 선재국어 실전 봉투 모의고사 1,이선재 편저,에스티유니타스,수험서 자격증
202304,102,슬램덩크 신장재편판 18,"이노우에 타케히코 글,그림",대원,만화/라이트노벨
202305,102,아홉 살에 시작하는 똑똑한 초등신문,신효원 글,책장속북스,어린이
202306,102,아는 만큼 보인다,유홍준 저,창비,역사
202307,102,읽으면서 바로 써먹는 어린이 세계사 퀴즈 1,한날 글그림,파란정원,어린이
202308,102,시장 불변의 법칙,장지웅 저,여의도책방,경제 경영
202309,102,잘못된 장소 잘못된 시간,질리언 매캘리스터 저/이경 역,시옷북스,소설/시/희곡
202310,102,타키 포오 코믹 어드벤처 3,캐릭온TV 원저/안도감 글/김규태 그림,대원씨아이(단행)(대원키즈),어린이
202311,102,나 혼자 슬퍼하겠습니다,정경심 저,보리,에서이
202312,102,그대는 나의 여름이 되세요,서덕준 저,위즈덤하우스,소설/시/희곡
202201,102,돈의 흐름에 올라타라,홍춘욱 저,스마트북스,경제 경영
202202,102,50대에 도전해서 부자 되는 법,서미숙 저,유노북스,경제 경영
202203,102,연이와 버들도령,백희나 글그림,책읽는곰,유아
202402,103,인간 실격,다자이 오사무 저/김춘미 역,민음사,소설/시/희곡
202401,103,SKY 로드맵,이병훈 저,쌤앤파커스,가정 살림
202301,103,보이지 않는 곳에서 애쓰고 있는 너에게,최대호 저,떠오름,에서이
202302,103,파친코 2,이민진 저/신승미 역,인플루엔셜,소설/시/희곡
202303,103,보이지 않는 곳에서 애쓰고 있는 너에게,최대호 저,떠오름,에서이
202304,103,슬램덩크 신장재편판 5,"이노우에 타케히코 글,그림",대원,만화/라이트노벨
202305,103,모순,양귀자 저,쓰다,소설/시/희곡
202306,103,2023 에듀윌 공인중개사 오시훈 합격서 부동산공법 체계도,오시훈 편저,에듀윌,수험서 자격증
202307,103,아주 희미한 빛으로도,최은영 저,문학동네,소설/시/희곡
202308,103,프리워터,아미나 루크먼 도슨 글/이원경 역,밝은미래,어린이
202309,103,그리스 로마 신화 35,박시연 글/최우빈 그림/김헌 감수,아울북,어린이
202310,103,흔한남매 이상한 나라의 고전 읽기 4,흔한남매 감수/최재훈 글/정주연 그림,미래엔아이세움,어린이
202311,103,마케팅 설계자,러셀 브런슨 저/이경식 역,윌북(willbook),경제 경영
202312,103,부자 아빠 가난한 아빠 20주년 특별 기념판,로버트 기요사키 저/안진환 역,민음인,경제 경영
202201,103,2022 시나공 총정리 컴퓨터활용능력 1급 필기,길벗알앤디 저,길벗,IT 모바일
202202,103,2022 이유진 국어 필사즉생 모의고사 백일기도3 실전유형,이유진 편저,고시동네,수험서 자격증
202203,103,거의 모든 행동 표현의 영어,서영조 저,사람in,국어 외국어 사전
202402,104,부를 끌어당기는 글쓰기,부아c 저,황금부엉이,경제 경영
202401,104,2024 이기적 컴퓨터활용능력 2급 필기 기본서,"홍태성,영진정보연구소 공저",영진닷컴,IT 모바일
202301,104,열혈강호 87,전극진 글/양재현 그림,대원,만화/라이트노벨
202302,104,백은의 언덕 검은 달 2,"오노 후유미 저/야마다 아키히로 그림/추지나,이진 역",엘릭시르,소설/시/희곡
202303,104,미스터 프레지던트,탁현민 저,메디치미디어,사회 정치
202304,104,슬램덩크 신장재편판 10,"이노우에 타케히코 글,그림",대원,만화/라이트노벨
202305,104,해커스 일본어 첫걸음 : 일본어 기초 20일 독학 완성!,해커스 일본어연구소 저,해커스어학연구소,국어 외국어 사전
202306,104,최애의 아이 3,아카사카 아카 글/요코야리 멘고 그림,대원,만화/라이트노벨
202307,104,지적 대화를 위한 넓고 얕은 지식 1,채사장 저,웨일북,인문
202308,104,그리스 로마 신화 34,박시연 글/최우빈 그림/김헌 감수,아울북,어린이
202309,104,2023 에듀윌 공인중개사 김민석 필살키 최종이론&마무리100선 부동산공시법,김민석 편저,에듀윌,수험서 자격증
202310,104,달의 아이,최윤석 저,포레스트북스,소설/시/희곡
202311,104,겨울의 언어,김겨울 저,웅진지식하우스,에서이
202312,104,사이언스 2024,"내셔널지오그래픽 키즈 글/이한음,김아림 공역",비룡소,어린이
202201,104,앞으로 100년,"이언 골딘,로버트 머가 저/권태형 등역",동아시아,경제 경영
202202,104,The Secret 시크릿,론다 번 저/김우열 역,살림Biz,자기계발
202203,104,나는 당신이 행복했으면 좋겠습니다,박찬위 저,하이스트,에서이
202402,105,원펀맨 ONE PUNCH MAN 29,ONE 원저/무라타 유스케 그림,대원,만화/라이트노벨
202401,105,맥스웰 몰츠 성공의 법칙,맥스웰 몰츠 저/신동숙 역,비즈니스북스,자기계발
202301,105,겨울 이불,안녕달 글그림,창비,유아
202302,105,하얼빈,김훈 저,문학동네,소설/시/희곡
202303,105,장하준의 경제학 레시피,장하준 저/김희정 역,부키,경제 경영
202304,105,슬램덩크 신장재편판 4,"이노우에 타케히코 글,그림",대원,만화/라이트노벨
202305,105,내세에는 남남이 좋겠어 7,코니시 아스카 글그림/박소현 역,소미미디어,만화/라이트노벨
202306,105,밥 프록터 부의 원리,밥 프록터 저/이재경 역/조성희 감수,윌북(willbook),자기계발
202307,105,최애의 아이 5,아카사카 아카 글/요코야리 멘고 그림,대원,만화/라이트노벨
202308,105,공부하고 있다는 착각,대니얼 T. 윌링햄 저/박세연 역,웅진지식하우스,인문
202309,105,타키 포오 코믹 어드벤처 3,캐릭온TV 원저/안도감 글/김규태 그림,대원씨아이(단행)(대원키즈),어린이
202310,105,키위엔 영어회화 하루 5분의 기적,박강준 저,키위엔,국어 외국어 사전
202311,105,마법천자문 60 특별판,유대영 글/정수영 그림/강용철 감수,아울북,어린이
202312,105,만일 내가 인생을 다시 산다면 (35만 부 기념 스페셜 에디션),김혜남 저,메이븐,인문
202201,105,임포스터,리사 손 저,21세기북스,가정 살림
202202,105,10년 동안 적금밖에 모르던 39세 김 과장은 어떻게 1년 만에 부동산 천재가 됐을까?,김재수(렘군) 저,비즈니스북스,경제 경영
202203,105,꽃을 보듯 너를 본다,나태주 저,지혜,소설/시/희곡
202402,106,SQL 자격검정 실전문제,한국데이터진흥원 저,한국데이터산업진흥원,IT 모바일
202401,106,그래서 이런 말이 생겼대요 : 우리말,우리누리 글/송진욱 그림,길벗스쿨,어린이
202301,106,빅 히스토리,"데이비드 크리스천,신시아 브라운,크레이그 벤저민 저/이한음 역",웅진지식하우스,인문
202302,106,타이탄의 도구들 (블랙 에디션),"팀 페리스 저/박선령,정지현 공역",토네이도,자기계발
202303,106,메리골드 마음 세탁소,윤정은 저,북로망스,소설/시/희곡
202304,106,슬램덩크 신장재편판 14,"이노우에 타케히코 글,그림",대원,만화/라이트노벨
202305,106,SQL 자격검정 실전문제,한국데이터진흥원 저,한국데이터산업진흥원,IT 모바일
202306,106,최애의 아이 9,아카사카 아카 글/요코야리 멘고 그림,대원,만화/라이트노벨
202307,106,최애의 아이 6,아카사카 아카 글/요코야리 멘고 그림,대원,만화/라이트노벨
202308,106,ETS 토익 정기시험 실전 1000 Vol. 1 LC + RC 세트 한정판 (전2권),ETS 저,YBM(와이비엠),국어 외국어 사전
202309,106,백앤아 3,백앤아 원저/안성훈 글/돌만 그림,샌드박스스토리 키즈,어린이
202310,106,다시 문학을 사랑한다면,이선재 저,다산초당,인문
202311,106,낮에 뜨는 달 5,헤윰 글그림,artePOP(아르테팝),만화/라이트노벨
202312,106,이은경쌤의 초등어휘일력 365,이은경 저,포레스트북스,가정 살림
202201,106,이은경쌤의 초등영어회화 일력 365,"이은경,이규현 공저",포레스트북스,가정 살림
202202,106,10년 후 100배 오를 암호화폐에 투자하라,박종한 저,나비의활주로,경제 경영
202203,106,파친코 1,이민진 저/이미정 역,문학사상,소설/시/희곡
202402,107,인생은 순간이다,김성근 저,다산북스,에서이
202401,107,메리골드 마음 사진관,윤정은 저,북로망스,소설/시/희곡
202301,107,슬램덩크 그로부터 10일 후 (SLAM DUNK 10 DAYS AFTER),"이노우에 타케히코 글,그림",대원,만화/라이트노벨
202302,107,백년허리2 치료편,정선근 저,언탱글링,건강 취미
202303,107,스즈메의 문단속 스페셜 에디션,신카이 마코토 저/민경욱 역,대원씨아이(단행)(대원키즈),소설/시/희곡
202304,107,슬램덩크 신장재편판 11,"이노우에 타케히코 글,그림",대원,만화/라이트노벨
202305,107,무조건 맛있어! 옥주부 반찬,정종철 저,몽스북,가정 살림
202306,107,최애의 아이 5,아카사카 아카 글/요코야리 멘고 그림,대원,만화/라이트노벨
202307,107,최애의 아이 3,아카사카 아카 글/요코야리 멘고 그림,대원,만화/라이트노벨
202308,107,K 배터리 레볼루션,박순혁 저,지와인,경제 경영
202309,107,키위엔 영어회화 하루 5분의 기적,박강준 저,키위엔,국어 외국어 사전
202310,107,[예스리커버] 회복탄력성,김주환 저,위즈덤하우스,자기계발
202311,107,AI 2024,김덕진 저,스마트북스,경제 경영
202312,107,메리골드 마음 세탁소,윤정은 저,북로망스,소설/시/희곡
202201,107,완전한 행복,정유정 저,은행나무,소설/시/희곡
202202,107,성공의 문을 여는 마스터키,찰스 해낼 저/김우열 역,샨티,경제 경영
202203,107,센 강의 이름 모를 여인,기욤 뮈소 저/양영란 역,밝은세상,소설/시/희곡
202402,108,너는 다시 외로워질 것이다,공지영 저,해냄,에서이
202401,108,해커스 보카 Hackers Vocabulary,David Cho 저,해커스어학연구소,국어 외국어 사전
202301,108,2023 상장기업 업종 지도,박찬일 저,에프엔미디어,경제 경영
202302,108,백은의 언덕 검은 달 3,"오노 후유미 저/야마다 아키히로 그림/추지나,이진 역",엘릭시르,소설/시/희곡
202303,108,나의 히어로 아카데미아 37 트리플 특장판,"호리코시 코헤이 글,그림/오경화 역",서울미디어코믹스(서울문화사),만화/라이트노벨
202304,108,슬램덩크 신장재편판 13,"이노우에 타케히코 글,그림",대원,만화/라이트노벨
202305,108,아주 위험한 과학책,랜들 먼로 저/이강환 역,시공사,자연과학
202306,108,회복탄력성의 힘,지니 킴 저,빅피시,가정 살림
202307,108,최애의 아이 7,아카사카 아카 글/요코야리 멘고 그림,대원,만화/라이트노벨
202308,108,눈에 갇힌 외딴 산장에서,히가시노 게이고 저/김난주 역,재인,소설/시/희곡
202309,108,세상의 마지막 기차역,무라세 다케시 저/김지연 역,모모,소설/시/희곡
202310,108,비스킷,김선미 저,위즈덤하우스,청소년
202311,108,내면소통,김주환 저,인플루엔셜,인문
202312,108,김재우의 영어회화 100,김재우 저,상상스퀘어,국어 외국어 사전
202201,108,부의 시나리오,오건영 저,페이지2,경제 경영
202202,108,2022 고종훈 한국사 동형모의고사 시즌 1,고종훈 저,메가스터디교육(공무원),수험서 자격증
202203,108,사피엔스,유발 하라리 저/조현욱 역/이태수 감수,김영사,인문
202402,109,"죽음이 물었다, 어떻게 살 거냐고",한스 할터 저/한윤진 역,포레스트북스,인문
202401,109,흔한남매 과학 탐험대 9 대기와 날씨,"흔한남매 원저/김언정,이현진 글/이태영,김덕영 그림/정현철,김희목,권경아,최진수 기획/정현철 감수",주니어김영사,어린이
202301,109,타이탄의 도구들 (블랙 에디션),"팀 페리스 저/박선령,정지현 공역",토네이도,자기계발
202302,109,백은의 언덕 검은 달 4,"오노 후유미 저/야마다 아키히로 그림/추지나,이진 역",엘릭시르,소설/시/희곡
202303,109,나는 3학년 2반 7번 애벌레,김원아 글/이주희 그림,창비,어린이
202304,109,슬램덩크 신장재편판 9,"이노우에 타케히코 글,그림",대원,만화/라이트노벨
202305,109,상처 주는 말 하는 친구에게 똑똑하게 말하는 법,김윤나 글/유영근 그림,북라이프,어린이
202306,109,상처 받지 않는 영혼,마이클 A. 싱어 저/이균형 역/성해영 감수,라이팅하우스,인문
202307,109,최애의 아이 9,아카사카 아카 글/요코야리 멘고 그림,대원,만화/라이트노벨
202308,109,키위엔 영어회화 하루 5분의 기적,박강준 저,키위엔,국어 외국어 사전
202309,109,네 인생 우습지 않다,전한길 저,21세기북스,자기계발
202310,109,그릿 (50만 부 판매 기념 리커버 골드에디션),앤절라 더크워스 저/김미정 역,비즈니스북스,자기계발
202311,109,"울트라러닝, 세계 0.1%가 지식을 얻는 비밀",스콧 영 저/이한이 역,비즈니스북스,자기계발
202312,109,긴긴밤,"루리 글,그림",문학동네,어린이
202201,109,타이탄의 도구들 (블랙 에디션),"팀 페리스 저/박선령,정지현 공역",토네이도,자기계발
202202,109,토끼전 : 연애제한구역 외전 스페셜 패키지,"단비 글,그림",blackD(블랙디),만화/라이트노벨
202203,109,트렌드 코리아 2022,"김난도,전미영 등저",미래의창,경제 경영
202402,110,원피스 ONE PIECE 107,"오다 에이치로 글,그림",대원,만화/라이트노벨
202401,110,파서블,김익한 저,인플루엔셜,자기계발
202301,110,돈은 좋지만 재테크는 겁나는 너에게,뿅글이 저,황금부엉이,경제 경영
202302,110,스틱!,"칩 히스,댄 히스 공저/안진환,박슬라 공역",웅진지식하우스,경제 경영
202303,110,서울대생의 비밀과외,소린TV 저,다산에듀,청소년
202304,110,슬램덩크 신장재편판 7,"이노우에 타케히코 글,그림",대원,만화/라이트노벨
202305,110,설민석의 삼국지 대모험 12,단꿈아이 글/스튜디오 담 그림,단꿈아이,어린이
202306,110,최애의 아이 6,아카사카 아카 글/요코야리 멘고 그림,대원,만화/라이트노벨
202307,110,회복탄력성의 힘,지니 킴 저,빅피시,가정 살림
202308,110,내가 가진 것을 세상이 원하게 하라,최인아 저,해냄,자기계발
202309,110,김종원의 진짜 부모 공부,김종원 저,북로그컴퍼니,가정 살림
202310,110,진짜 쓰는 실무 엑셀,오빠두(전진권) 저,제이펍,IT 모바일
202311,110,세상의 마지막 기차역,무라세 다케시 저/김지연 역,모모,소설/시/희곡
202312,110,사피엔스,유발 하라리 저/조현욱 역/이태수 감수,김영사,인문
202201,110,똑똑하게 생존하기,"칼 벅스트롬,제빈 웨스트 공저/박선령 역",안드로메디안,자기계발
202202,110,싱글맘 부동산 경매로 홀로서기,이선미 저/송희창 감수,지혜로,경제 경영
202203,110,2022 수제비 정보처리기사 실기 (1권+2권 합본세트),NCS 정보처리기술사 연구회 저,건기원,IT 모바일
202402,111,자본주의,EBS 자본주의 제작팀 저/EBS MEDIA 기획,가나출판사,경제 경영
202401,111,지적 대화를 위한 넓고 얕은 지식 1,채사장 저,웨일북,인문
202301,111,흔한남매 과학 탐험대 6 물리 2,"흔한남매 원저/이현진,닥터 스코 글/김덕영 그림/정현철,김희목,권경아,최진수 기획/김희목 감수",주니어김영사,어린이
202302,111,고양이 해결사 깜냥 5,홍민정 글/김재희 그림,창비,어린이
202303,111,DO IT 두 잇,데이비드 차 저,아크,종교
202304,111,스킵과 로퍼 4,타카마츠 미사키 글그림/신혜선 역,YNKMEDIA,만화/라이트노벨
202305,111,화산귀환 3,STUDIO LICO 글그림/비가 원저,에이템포미디어,만화/라이트노벨
202306,111,산골 노승의 화려한 점심,향봉 저,불광출판사,종교
202307,111,똥볶이 할멈 5,강효미 글/김무연 그림,슈크림북,어린이
202308,111,NEW 미꽃체 손글씨 노트,최현미(미꽃) 저,시원북스,건강 취미
202309,111,흔한남매 과학 탐험대 8 생물 2,"흔한남매 원저/김언정,이현진 글/김덕영 그림/정현철,김희목,권경아,최진수 기획/권경아 감수",주니어김영사,어린이
202310,111,해커스 일본어 첫걸음 : 일본어 기초 20일 독학 완성!,해커스 일본어연구소 저,해커스어학연구소,국어 외국어 사전
202311,111,일론 머스크,월터 아이작슨 저/안진환 역,21세기북스,경제 경영
202312,111,아주 희미한 빛으로도,최은영 저,문학동네,소설/시/희곡
202201,111,EBS 당신의 문해력,EBS 당신의 문해력 제작팀 기획/김윤정 글,EBS BOOKS,가정 살림
202202,111,나의 아저씨 세트 (초판 에디션),박해영 저,세계사,예술
202203,111,낭만 강아지 봉봉 1,홍민정 글/김무연 그림,다산어린이,어린이
202402,112,2024~2025 대한민국 산업지도,이래학 저,경이로움,경제 경영
202401,112,2024 ADsP 데이터 분석 준전문가,윤종식 저,데이터에듀,IT 모바일
202301,112,김경일의 지혜로운 인간생활,김경일 저,저녁달,인문
202302,112,돈은 좋지만 재테크는 겁나는 너에게,뿅글이 저,황금부엉이,경제 경영
202303,112,해커스 토익 RC 리딩(Reading),David Cho 저,해커스어학연구소,국어 외국어 사전
202304,112,슬램덩크 신장재편판 12,"이노우에 타케히코 글,그림",대원,만화/라이트노벨
202305,112,우정 도둑,유지혜 저,놀,에서이
202306,112,최애의 아이 4,아카사카 아카 글/요코야리 멘고 그림,대원,만화/라이트노벨
202307,112,"그대들, 어떻게 살 것인가",요시노 겐자부로 저/김욱 역,양철북,청소년
202308,112,아버지의 해방일지,정지아 저,창비,소설/시/희곡
202309,112,해커스 일본어 첫걸음 : 일본어 기초 20일 독학 완성!,해커스 일본어연구소 저,해커스어학연구소,국어 외국어 사전
202310,112,[예스리커버] 나는 어떻게 삶의 해답을 찾는가,고명환 저,라곰,자기계발
202311,112,아주 희미한 빛으로도,최은영 저,문학동네,소설/시/희곡
202312,112,열혈강호 89,전극진 글/양재현 그림,대원,만화/라이트노벨
202201,112,허상의 어릿광대,히가시노 게이고 저/김난주 역,재인,소설/시/희곡
202202,112,플랜데믹,미키 윌리스 공저/이원기 역,에디터,사회 정치
202203,112,틴틴팅클! 2,난 글그림,중앙북스(books),만화/라이트노벨
202402,113,타키 포오의 이세계 여행사 5,원작 캐릭온TV 원저/송도수 글/이지운 그림,대원씨아이(단행)(대원키즈),어린이
202401,113,퍼스널 MBA,"조쉬 카우프만 저/이상호,박상진 공역",진성북스,경제 경영
202301,113,"나태주, 시간의 쉼표",나태주 글그림,서울문화사,소설/시/희곡
202302,113,그대 늙어가는 것이 아니라 익어가는 것이다,오평선 저,포레스트북스,에서이
202303,113,2023 이동기 영어 국가직 대비 적중모의고사,이동기 편저,에스티유니타스,수험서 자격증
202304,113,슬램덩크 신장재편판 8,"이노우에 타케히코 글,그림",대원,만화/라이트노벨
202305,113,이어령의 마지막 수업,"김지수,이어령 저",열림원,인문
202306,113,최애의 아이 8,아카사카 아카 글/요코야리 멘고 그림,대원,만화/라이트노벨
202307,113,최애의 아이 4,아카사카 아카 글/요코야리 멘고 그림,대원,만화/라이트노벨
202308,113,백앤아 3,백앤아 원저/안성훈 글/돌만 그림,샌드박스스토리 키즈,어린이
202309,113,마시지 않을 수 없는 밤이니까요,정지아 저,마이디어북스,에서이
202310,113,그리스 로마 신화 35,박시연 글/최우빈 그림/김헌 감수,아울북,어린이
202311,113,도파민네이션,애나 렘키 저/김두완 역,흐름출판,인문
202312,113,봇치·더·록! 6 특별판 BTR! 1ST BAND EDITION,하마지 아키 글그림,대원,만화/라이트노벨
202201,113,사피엔스,유발 하라리 저/조현욱 역/이태수 감수,김영사,인문
202202,113,나는 당신이 행복했으면 좋겠습니다,박찬위 저,하이스트,에서이
202203,113,스즈키 바이올린 교본 1,편집부,세광음악출판사,예술
202402,114,레버리지,롭 무어 저/김유미 역,다산북스,경제 경영
202401,114,초등 미니 논술 일력 365,오현선 저,서사원주니어,어린이
202301,114,공부 독립,"주단,권태형 저",북북북,가정 살림
202302,114,흔한남매 12,흔한남매 원저/백난도 글/유난희 그림/흔한컴퍼니 감수,미래엔아이세움,어린이
202303,114,5천만 원으로 시작하는 미라클 기적의 재개발 재건축,진와이스(장미진) 저,리더스북,경제 경영
202304,114,지적 대화를 위한 넓고 얕은 지식 1,채사장 저,웨일북,인문
202305,114,각각의 계절,권여선 저,문학동네,소설/시/희곡
202306,114,진짜 챗GPT 활용법,"김준성,유원준,안상준 저",위키북스,IT 모바일
202307,114,구슬쥬네 공부의 숲,구슬쥬 저,다산에듀,청소년
202308,114,스틱!,"칩 히스,댄 히스 공저/안진환,박슬라 공역",웅진지식하우스,경제 경영
202309,114,2023 에듀윌 공인중개사 이영방 필살키 최종이론&마무리100선 부동산학개론,이영방 편저,에듀윌,수험서 자격증
202310,114,세계지도를 펼치면 돈의 흐름이 보인다,박정호 저,반니,경제 경영
202311,114,이처럼 사소한 것들,클레어 키건 저/홍한별 역,다산책방,소설/시/희곡
202312,114,ETS 토익 단기공략 750+ (LC+RC),ETS 저,YBM(와이비엠),국어 외국어 사전
202201,114,10년 동안 적금밖에 모르던 39세 김 과장은 어떻게 1년 만에 부동산 천재가 됐을까?,김재수(렘군) 저,비즈니스북스,경제 경영
202202,114,정재승의 인간탐구보고서 8,"정재승 기획/정재은,이고은 글/김현민 그림",아울북,어린이
202203,114,만복이네 떡집,김리리 글/이승현 그림,비룡소,어린이
202402,115,해커스 보카 Hackers Vocabulary,David Cho 저,해커스어학연구소,국어 외국어 사전
202401,115,불편한 편의점,김호연 저,나무옆의자,소설/시/희곡
202301,115,"우리, 편하게 말해요",이금희 저,웅진지식하우스,자기계발
202302,115,SQL 자격검정 실전문제,한국데이터진흥원 저,한국데이터산업진흥원,IT 모바일
202303,115,2023 에듀윌 공인중개사 이영방 합격서 부동산학개론,이영방 편저,에듀윌,수험서 자격증
202304,115,진짜 쓰는 실무 엑셀,오빠두(전진권) 저,제이펍,IT 모바일
202305,115,그릿 (50만 부 판매 기념 리커버 골드에디션),앤절라 더크워스 저/김미정 역,비즈니스북스,자기계발
202306,115,고양이 해결사 깜냥 5,홍민정 글/김재희 그림,창비,어린이
202307,115,최애의 아이 8,아카사카 아카 글/요코야리 멘고 그림,대원,만화/라이트노벨
202308,115,해커스 일본어 첫걸음 : 일본어 기초 20일 독학 완성!,해커스 일본어연구소 저,해커스어학연구소,국어 외국어 사전
202309,115,부의 추월차선 (10주년 스페셜 에디션),엠제이 드마코 저/신소영 역,토트출판사,경제 경영
202310,115,[예스리커버] 하늘과 바람과 별과 인간,김상욱 저,바다출판사,자연과학
202311,115,지랄발랄 하은맘의 육아내공 100,김선미 저,온포인트,가정 살림
202312,115,해커스 일본어 첫걸음 : 일본어 기초 20일 독학 완성!,해커스 일본어연구소 저,해커스어학연구소,국어 외국어 사전
202201,115,채사장의 지대넓얕 2 : 자본이라는 신,채사장 원저/마케마케 글/정용환 그림,돌핀북,어린이
202202,115,머니카피,테이버(김태형) 저,경이로움,경제 경영
202203,115,반짝반짝 캐치! 티니핑 숨은 반짝반짝 친구들을 찾아라!,편집부 저,서울문화사,유아
202402,116,돈의 심리학 (30만 부 기념 스페셜 에디션),모건 하우절 저/이지연 역,인플루엔셜,경제 경영
202401,116,참을 수 없는 존재의 가벼움,밀란 쿤데라 저/이재룡 역,민음사,소설/시/희곡
202301,116,2023 ADsP 데이터 분석 준전문가,윤종식 저,데이터에듀,IT 모바일
202302,116,세상에서 가장 쉬운 본질육아,지나영,21세기북스,가정 살림
202303,116,네 기분은 어떤 색깔이니?,최숙희 글그림,책읽는곰,유아
202304,116,몰입 합본판 (100쇄 기념 합본 에디션),황농문 저,알에이치코리아(RHK),자기계발
202305,116,요괴어사,"설민석,원더스 저",단꿈아이,소설/시/희곡
202306,116,투자 트렌드를 알면 100억이 보인다,"김피비,곽상빈 공저",마인드셋(Mindset),경제 경영
202307,116,순도 100퍼센트의 휴식,박상영 저,인플루엔셜,에서이
202308,116,푸른 사자 와니니 6,이현 글/오윤화 그림,창비,어린이
202309,116,레버리지,롭 무어 저/김유미 역,다산북스,경제 경영
202310,116,결국 해내는 아이는 정서 지능이 다릅니다,김소연 저,웨일북,가정 살림
202311,116,영혼이 강한 아이로 키워라,조선미 저,북하우스,가정 살림
202312,116,설민석의 세계사 대모험 19,"설민석,김정욱 글/박성일 그림/신정환 감수",단꿈아이,어린이
202201,116,세계를 건너 너에게 갈게,이꽃님 저,문학동네,청소년
202202,116,ETS 토익 기출 VOCA 출제기관 공식수험서,ETS 저,YBM(와이비엠),국어 외국어 사전
202203,116,흔한남매의 흔한 호기심 5,"흔한남매 원저/안치현 글/유난희 그림/이정모,흔한컴퍼니 감수",미래엔아이세움,어린이
202402,117,해커스 토익 RC 리딩(Reading),David Cho 저,해커스어학연구소,국어 외국어 사전
202401,117,인간 실격,다자이 오사무 저/김춘미 역,민음사,소설/시/희곡
202301,117,구의 증명,최진영 저,은행나무,소설/시/희곡
202302,117,2023 에듀윌 코레일 한국철도공사 NCS+전공 봉투모의고사 6+2회,에듀윌 취업연구소 저,에듀윌,수험서 자격증
202303,117,"오늘 밤, 세계에서 이 눈물이 사라진다 해도",이치조 미사키 저/김윤경 역,모모,소설/시/희곡
202304,117,최애의 아이 1,아카사카 아카 글/요코야리 멘고 그림,대원,만화/라이트노벨
202305,117,백앤아 2,백앤아 원저/주눅 글/돌만 그림,샌드박스스토리 키즈,어린이
202306,117,난세일기 亂世日記,도올 김용옥 저,통나무,인문
202307,117,칩 워,크리스 밀러 저/노정태 역,부키,경제 경영
202308,117,당신도 느리게 나이 들 수 있습니다,정희원 저,더퀘스트,인문
202309,117,화산귀환 4,STUDIO LICO 글그림/비가 원저,에이템포미디어,만화/라이트노벨
202310,117,세상의 마지막 기차역,무라세 다케시 저/김지연 역,모모,소설/시/희곡
202311,117,인생은 순간이다,김성근 저,다산북스,에서이
202312,117,블루 아카이브 흥신소 68 업무일지 1,블루 아카이브 원저/NOGIWA KAEDE 글그림/심이슬 역,서울미디어코믹스(서울문화사),만화/라이트노벨
202201,117,해커스 토익 RC Reading (리딩),David Cho 저,해커스어학연구소,국어 외국어 사전
202202,117,문학을 열다 세트,김유정 등저/에토프 그림,스푼북,청소년
202203,117,2022 최신판 에듀윌 코레일 한국철도공사 NCS+전공 봉투모의고사 6+2회,에듀윌 취업연구소 저,에듀윌,수험서 자격증
202402,118,보편의 단어,이기주 저,말글터,에서이
202401,118,바다가 들리는 편의점 합본 (겨울 한정판 에디션),마치다 소노코 저/황국영 역,모모,소설/시/희곡
202301,118,스틱!,"칩 히스,댄 히스 공저/안진환,박슬라 공역",웅진지식하우스,경제 경영
202302,118,파친코 1,이민진 저/신승미 역,인플루엔셜,소설/시/희곡
202303,118,참을 수 없는 존재의 가벼움,밀란 쿤데라 저/이재룡 역,민음사,소설/시/희곡
202304,118,그릿 (50만 부 판매 기념 리커버 골드에디션),앤절라 더크워스 저/김미정 역,비즈니스북스,자기계발
202305,118,풍수전쟁,김진명 저,이타북스,소설/시/희곡
202306,118,집에서 운영하는 작은 빵집 SOFT BREAD,김진호 저,더테이블,가정 살림
202307,118,키위엔 영어회화 하루 5분의 기적,박강준 저,키위엔,국어 외국어 사전
202308,118,발명코믹북 무한의 계단 1,임우영 글/양선모 그림,서울문화사,어린이
202309,118,여름을 한 입 베어 물었더니,이꽃님 저,문학동네,청소년
202310,118,해님 달님 떡집,김리리 글/김이랑 그림,비룡소,어린이
202311,118,메리골드 마음 세탁소,윤정은 저,북로망스,소설/시/희곡
202312,118,2024 결국은 부동산,올라잇 칼럼니스트 23인 저,원앤원북스,경제 경영
202201,118,체인소 맨 10,"후지모토 타츠키 글,그림",학산문화사,만화/라이트노벨
202202,118,성장주에 투자하라,이정윤 저,베가북스,경제 경영
202203,118,2022 써니 행정법총론 실전동형 모의고사,박준철 편저,지금(도서출판),수험서 자격증
202402,119,지적 대화를 위한 넓고 얕은 지식 1,채사장 저,웨일북,인문
202401,119,사장학개론,김승호 저,스노우폭스북스,경제 경영
202301,119,천 원을 경영하라,박정부 저,쌤앤파커스,경제 경영
202302,119,해커스 토익 LC 리스닝(Listening),David Cho 저,해커스어학연구소,국어 외국어 사전
202303,119,키위엔 영어회화 하루 5분의 기적,박강준 저,키위엔,국어 외국어 사전
202304,119,오십이 앞으로 어떻게 살 거냐고 물었다,이관호 저,온더페이지,인문
202305,119,고양이 해결사 깜냥 1,홍민정 글/김재희 그림,창비,어린이
202306,119,최애의 아이 7,아카사카 아카 글/요코야리 멘고 그림,대원,만화/라이트노벨
202307,119,미래엔 중학교 국어 2-2 평가문제집 (신유식) 중2,신유식,미래엔,전집
202308,119,원펀맨 ONE PUNCH MAN 28,ONE 원저/무라타 유스케 그림,대원,만화/라이트노벨
202309,119,2023 하반기 해커스 국민건강보험공단 NCS+법률 기출동형모의고사 5+4회,해커스 취업교육연구소 저,해커스공기업,수험서 자격증
202310,119,도쿄 에일리언즈 7 더블특장판,NAOE 글그림/박소현 역,서울미디어코믹스(서울문화사),만화/라이트노벨
202311,119,오래 보고 싶었다,나태주 저/다홍 그림,더블북,소설/시/희곡
202312,119,예의 없는 친구들을 대하는 슬기로운 말하기 사전 2,김원아 글/김소희 그림,사계절,어린이
202201,119,존 메이너드 케인스,재커리 D. 카터 저/김성아 역/홍춘욱 감수,로크미디어,경제 경영
202202,119,그냥 하지 말라,송길영 저,북스톤,경제 경영
202203,119,악의 마음을 읽는 자들,"권일용,고나무 공저",알마,사회 정치
202402,120,최민준의 아들코칭 백과,최민준 저,위즈덤하우스,가정 살림
202401,120,제정신이라는 착각,필리프 슈테르처 저/유영미 역,김영사,인문
202301,120,자녀교육 절대공식,방종임 저,위즈덤하우스,가정 살림
202302,120,해커스 일본어 첫걸음 : 일본어 기초 20일 독학 완성!,해커스 일본어연구소 저,해커스어학연구소,국어 외국어 사전
202303,120,Go Go 카카오프렌즈 27 스위스,김미영 글/김정한 그림,아울북,어린이
202304,120,백년허리2 치료편,정선근 저,언탱글링,건강 취미
202305,120,돈의 심리학 (30만 부 기념 스페셜 에디션),모건 하우절 저/이지연 역,인플루엔셜,경제 경영
202306,120,2023 에듀윌 공인중개사 2차 기출응용 예상문제집 부동산공법,오시훈 편저,에듀윌,수험서 자격증
202307,120,매우 예민한 사람들을 위한 상담소,전홍진 저,한겨레출판,인문
202308,120,레버리지,롭 무어 저/김유미 역,다산북스,경제 경영
202309,120,전설로 떠나는 월가의 영웅,"피터 린치,존 로스차일드 저/이건 역/홍진채 감수",국일증권경제연구소,경제 경영
202310,120,우리 지금 이태원이야,10·29 이태원참사 작가기록단 저,창비,에서이
202311,120,완벽하지 않아 다행이야,오리여인 저,수오서재,에서이
202312,120,사장학개론,김승호 저,스노우폭스북스,경제 경영
202201,120,계절 산문,박준 저,달,에서이
202202,120,엑시트 EXIT,송희창 저,지혜로,경제 경영
202203,120,원펀맨 ONE PUNCH MAN 24,ONE 원저/무라타 유스케 그림,대원,만화/라이트노벨
202402,121,도시와 그 불확실한 벽,무라카미 하루키 저/홍은주 역,문학동네,소설/시/희곡
202401,121,총 균 쇠,재레드 다이아몬드 저/강주헌 역,김영사,인문
202301,121,긴긴밤,"루리 글,그림",문학동네,어린이
202302,121,아주 작은 습관의 힘,제임스 클리어 저/이한이 역,비즈니스북스,자기계발
202303,121,2023 써니 행정법총론 실전동형 모의고사,박준철 편저,지금(도서출판),수험서 자격증
202304,121,굿바이 코드네임,강경수 글그림,시공주니어,어린이
202305,121,이끼숲,천선란 저,자이언트북스,소설/시/희곡
202306,121,타키 포오 코믹 어드벤처 2,캐릭온TV 원저/안도감 편/김규태 그림,대원씨아이(단행)(대원키즈),어린이
202307,121,데일 카네기 자기관리론,데일 카네기 저/임상훈 역,현대지성,자기계발
202308,121,세상의 마지막 기차역,무라세 다케시 저/김지연 역,모모,소설/시/희곡
202309,121,진짜 쓰는 실무 엑셀,오빠두(전진권) 저,제이펍,IT 모바일
202310,121,마음의 지혜,김경일 저,포레스트북스,인문
202311,121,사장학개론,김승호 저,스노우폭스북스,경제 경영
202312,121,[예스리커버] 하늘과 바람과 별과 인간,김상욱 저,바다출판사,자연과학
202201,121,엑시트 EXIT 플래너,송희창 저,지혜로,자기계발
202202,121,예민한 부모를 위한 심리 수업,일레인 N. 아론 저/김진주 역,청림Life,가정 살림
202203,121,전설로 떠나는 월가의 영웅,"피터 린치,존 로스차일드 저/이건 역/홍진채 감수",국일증권경제연구소,경제 경영
202402,122,사랑을 무게로 안 느끼게,박완서 저,세계사,에서이
202401,122,작별하지 않는다,한강 저,문학동네,소설/시/희곡
202301,122,하루 한 장 고전 수업,조윤제 저,비즈니스북스,자기계발
202302,122,가재가 노래하는 곳,델리아 오언스 저/김선형 역,살림출판사,소설/시/희곡
202303,122,혼공쌤의 초등만화영문법 (상),허준석 글/최정화 그림,길벗스쿨,어린이
202304,122,코스모스,칼 세이건 저/홍승수 역,사이언스북스,자연과학
202305,122,백년허리2 치료편,정선근 저,언탱글링,건강 취미
202306,122,보이지 않는 곳에서 애쓰고 있는 너에게,최대호 저,떠오름,에서이
202307,122,채사장의 지대넓얕 7 : 보수 VS 진보,"채사장,마케마케 글/정용환 그림",돌핀북,어린이
202308,122,행복이 어떤 건지 가끔 생각해,고영배 저,북폴리오,에서이
202309,122,주술회전 23 일반판,아쿠타미 게게 글그림/이정운 역,서울미디어코믹스(서울문화사),만화/라이트노벨
202310,122,상견니 영화 각본,"싼펑제작,젠치펑,린신후이,뤼안셴,처쿠엔터테인먼트,완다픽처스 공저/김소희 역",오렌지디,예술
202311,122,키위엔 영어표현 하루 5분의 기적,박강준 저,키위엔,국어 외국어 사전
202312,122,최민준의 아들코칭 백과,최민준 저,위즈덤하우스,가정 살림
202201,122,2022 시나공 정보처리기사 필기,"길벗알앤디,김정준 저",길벗,IT 모바일
202202,122,이순신의 바다,황현필 저,역바연,역사
202203,122,읽으면서 바로 써먹는 어린이 한국사 퀴즈 2,한날 글그림/전기현 감수,파란정원,어린이
202402,123,세상의 마지막 기차역,무라세 다케시 저/김지연 역,모모,소설/시/희곡
202401,123,최민준의 아들코칭 백과,최민준 저,위즈덤하우스,가정 살림
202301,123,인생의 역사,신형철 저,난다,에서이
202302,123,이토록 평범한 미래,김연수 저,문학동네,소설/시/희곡
202303,123,"나태주, 시간의 쉼표",나태주 글그림,서울문화사,소설/시/희곡
202304,123,나는 대한민국 검사였다,이인규 저,조갑제닷컴,사회 정치
202305,123,백년운동,정선근 저,아티잔,건강 취미
202306,123,Go Go 카카오프렌즈 28 태국,김미영 글/김정한 그림,아울북,어린이
202307,123,명탐정 코난 103,"Aoyama Gosho 글,그림",서울미디어코믹스(서울문화사),만화/라이트노벨
202308,123,만일 내가 인생을 다시 산다면 (35만 부 기념 스페셜 에디션),김혜남 저,메이븐,인문
202309,123,2024 갓대환 형사법 기출총정리,김대환 저,멘토링,수험서 자격증
202310,123,지적 대화를 위한 넓고 얕은 지식 1,채사장 저,웨일북,인문
202311,123,만일 내가 인생을 다시 산다면 (35만 부 기념 스페셜 에디션),김혜남 저,메이븐,인문
202312,123,행동경제학,리처드 탈러 저/박세연 역,웅진지식하우스,경제 경영
202201,123,"서울·수도권 아파트, 지금 사야 합니다",함태식(유튜버 ‘얼음공장’) 저,황금부엉이,경제 경영
202202,123,이은경쌤의 초등영어회화 일력 365,"이은경,이규현 공저",포레스트북스,가정 살림
202203,123,페인트,이희영 저,창비,청소년
202402,124,2024 선재국어 실전 봉투 모의고사 1,이선재 편저,에스티유니타스,수험서 자격증
202401,124,이주하는 인류,샘 밀러 저/최정숙 역,미래의창,역사
202301,124,설민석의 세계사 대모험 15,"설민석,김정욱 글/박성일 그림/김장구 감수",단꿈아이,어린이
202302,124,2023 대한민국 산업지도,이래학 저,경이로움,경제 경영
202303,124,"총, 균, 쇠",재레드 다이아몬드 저/김진준 역,문학사상,사회 정치
202304,124,조셉 머피 잠재의식의 힘,조셉 머피 저/조율리 역,다산북스,자기계발
202305,124,5번 레인,은소홀 글/노인경 그림,문학동네,어린이
202306,124,데일 카네기 자기관리론,데일 카네기 저/임상훈 역,현대지성,자기계발
202307,124,전설로 떠나는 월가의 영웅,"피터 린치,존 로스차일드 저/이건 역/홍진채 감수",국일증권경제연구소,경제 경영
202308,124,사람은 생각하는 대로 된다,얼 나이팅게일 저/정지현 역,빌리버튼,자기계발
202309,124,도파민네이션,애나 렘키 저/김두완 역,흐름출판,인문
202310,124,2024 써니 행정법총론 핵심집약,박준철 편저,지금(도서출판),수험서 자격증
202311,124,한번도 경험해보지 못한 법카,조명현 저,천년의상상,사회 정치
202312,124,내면소통,김주환 저,인플루엔셜,인문
202201,124,2022 이동기 영어 기적의 특강,이동기 편저,에스티유니타스,수험서 자격증
202202,124,설민석의 한국사 대모험 18,"설민석,스토리박스 글/정현희 그림/강석화 감수",아이휴먼,어린이
202203,124,부의 인문학 (20만부 기념 개정증보판),브라운스톤(우석) 저,오픈마인드,경제 경영
202402,125,놀라움의 힘,마이클 루셀 저/김지연 역,상상스퀘어,자기계발
202401,125,내가 틀릴 수도 있습니다 (토마스 산체스 에디션),비욘 나티코 린데블라드 저/토마스 산체스 그림/박미경 역,다산초당,인문
202301,125,부자의 그릇,이즈미 마사토 저/김윤수 역,다산북스,경제 경영
202302,125,[예스리커버] 정리하는 뇌,대니얼 J. 레비틴 저/김성훈 역,와이즈베리,인문
202303,125,예의 없는 친구들을 대하는 슬기로운 말하기 사전,김원아 글/김소희 그림,사계절,어린이
202304,125,GPT 제너레이션 : 챗GPT가 바꿀 우리 인류의 미래,이시한 저,북모먼트,경제 경영
202305,125,굿바이 코드네임,강경수 글그림,시공주니어,어린이
202306,125,지적 대화를 위한 넓고 얕은 지식 1,채사장 저,웨일북,인문
202307,125,자본주의,EBS 자본주의 제작팀 저/EBS MEDIA 기획,가나출판사,경제 경영
202308,125,정재승의 인간 탐구 보고서 12,"정재승 기획/정재은,이고은 글/김현민 그림",아울북,어린이
202309,125,우리는 모두 죽는다는 것을 기억하라,웨인 다이어 저/정지현 역,토네이도,자기계발
202310,125,서사의 위기,한병철 저,다산초당,인문
202311,125,ETS 토익기출 파트별 VOCA 보카,ETS 저,YBM(와이비엠),국어 외국어 사전
202312,125,아버지의 해방일지,정지아 저,창비,소설/시/희곡
202201,125,박혜원 파워토익 VOCA 보카,박혜원 저,YBM(와이비엠),국어 외국어 사전
202202,125,임신 출산 육아 대백과,편집부 저,삼성출판사,가정 살림
202203,125,4~7세 보다 중요한 시기는 없습니다 (15만 부 기념 에디션),이임숙 저,카시오페아,가정 살림
202402,126,문학을 열다 세트,김유정 등저/에토프 그림,스푼북,청소년
202401,126,설민석의 한국사 대모험 27,"설민석,스토리박스 글/정현희 그림/강석화 감수",단꿈아이,어린이
202301,126,스파이 패밀리 Spy Family 10,엔도 타츠야 글그림,학산문화사,만화/라이트노벨
202302,126,피타고라스 생각 수업,이광연 저,유노라이프,자연과학
202303,126,"다정한 말, 단단한 말",고정욱 글/릴리아 그림,우리학교,어린이
202304,126,이기적 유전자 The Selfish Gene,"리처드 도킨스 저/홍영남,이상임 공역",을유문화사,자연과학
202305,126,"챗GPT, 질문이 돈이 되는 세상","전상훈,최서연 공저",미디어숲,경제 경영
202306,126,고통의 비밀,몬티 라이먼 저/박선영 역,상상스퀘어,건강 취미
202307,126,다이어트 사이언스 2022,최겸 저,린체인저스,건강 취미
202308,126,김미경의 마흔 수업,김미경 저,어웨이크북스,자기계발
202309,126,지적 대화를 위한 넓고 얕은 지식 1,채사장 저,웨일북,인문
202310,126,10CM 그라데이션 (Gradation),10cm(십센치) 저/곽수진 그림,언제나북스,에서이
202311,126,당신이 생각하는 모든 것을 믿지 말라,조세프 응우옌 저/박영준 역,서삼독,자기계발
202312,126,세상은 이야기로 만들어졌다,"자미라 엘 우아실,프리데만 카릭 공저/김현정 역",원더박스,인문
202201,126,작은 별이지만 빛나고 있어 (20만 부 기념 한정판 에디션),소윤 저,북로망스,에서이
202202,126,예의 없는 친구들을 대하는 슬기로운 말하기 사전,김원아 글/김소희 그림,사계절,어린이
202203,126,강성태 66일 영어회화,강성태 저,다산북스,국어 외국어 사전
202402,127,사피엔스,유발 하라리 저/조현욱 역/이태수 감수,김영사,인문
202401,127,사피엔스,유발 하라리 저/조현욱 역/이태수 감수,김영사,인문
202301,127,이어령의 마지막 수업,"김지수,이어령 저",열림원,인문
202302,127,네 기분은 어떤 색깔이니?,최숙희 글그림,책읽는곰,유아
202303,127,2023 에듀윌 스포츠지도사 필기 한권끝장,"정수봉,이준영,원효리,이성열,임다연,이재우 편저",에듀윌,수험서 자격증
202304,127,고양이 해결사 깜냥 1,홍민정 글/김재희 그림,창비,어린이
202305,127,당신도 느리게 나이 들 수 있습니다,정희원 저,더퀘스트,인문
202306,127,이기적 유전자 The Selfish Gene,"리처드 도킨스 저/홍영남,이상임 공역",을유문화사,자연과학
202307,127,2024 유휘운 행정법총론 요약노트+기출문제 (요플),유휘운 저,메가스터디교육(공무원),수험서 자격증
202308,127,만화 나 혼자만 레벨업 9,장성락(REDICE STUDIO) 글그림/추공 원저,디앤씨웹툰비즈,만화/라이트노벨
202309,127,기분이 태도가 되지 말자,김수현 저,하이스트,에서이
202310,127,이은경쌤의 초등어휘일력 365,이은경 저,포레스트북스,가정 살림
202311,127,대한민국 미래 교육 트렌드,미래 교육 집필팀 저,뜨인돌,사회 정치
202312,127,돌파매매 전략,"systrader79,김대현(Nicholas Davars) 저",이레미디어,경제 경영
202201,127,카지카,"Akira Toriyama 글,그림/오경화 역",서울미디어코믹스(서울문화사),만화/라이트노벨
202202,127,주식투자 절대 원칙,박영옥 저,센시오,경제 경영
202203,127,[예스리커버] 꽃잎 한 장처럼,이해인 저,샘터,에서이
202402,128,부자의 그릇,이즈미 마사토 저/김윤수 역,다산북스,경제 경영
202401,128,그릿 (50만 부 판매 기념 리커버 골드에디션),앤절라 더크워스 저/김미정 역,비즈니스북스,자기계발
202301,128,창발의 시대,패트릭 와이먼 저/장영재 역,커넥팅(Connecting),경제 경영
202302,128,문학을 열다 세트,김유정 등저/에토프 그림,스푼북,청소년
202303,128,고양이 해결사 깜냥 1,홍민정 글/김재희 그림,창비,어린이
202304,128,최애의 아이 2,아카사카 아카 글/요코야리 멘고 그림,대원,만화/라이트노벨
202305,128,나는 블로그로 월급보다 많이 번다,정태영(짜루) 저,경이로움,경제 경영
202306,128,66일 밥상머리 대화법,김종원 저,카시오페아,가정 살림
202307,128,당신은 결국 무엇이든 해내는 사람,김상현 저,필름,에서이
202308,128,조선미의 현실 육아 상담소,조선미 저,북하우스,가정 살림
202309,128,푸틴을 죽이는 완벽한 방법,김진명 저,이타북스,소설/시/희곡
202310,128,레버리지,롭 무어 저/김유미 역,다산북스,경제 경영
202311,128,건강과 다이어트를 동시에 잡는 7대 3의 법칙 채소·과일식,조승우 저,바이북스,건강 취미
202312,128,지적 대화를 위한 넓고 얕은 지식 1,채사장 저,웨일북,인문
202201,128,브레이킹 루틴,천인우 저,중앙북스(books),자기계발
202202,128,백광,렌조 미키히코 저/양윤옥 역,모모,소설/시/희곡
202203,128,이토록 공부가 재미있어지는 순간,박성혁 저,다산북스,청소년
202402,129,영어 필사 100일의 기적 (스프링 제본),퍼포먼스 코치 리아 저,넥서스,국어 외국어 사전
202401,129,내면소통,김주환 저,인플루엔셜,인문
202301,129,해커스 토익 실전 1000제 1 RC Reading (리딩) 문제집,해커스 어학연구소 저,해커스어학연구소,국어 외국어 사전
202302,129,백앤아 1,백앤아 원저/안성훈 글/돌만 그림,샌드박스스토리 키즈,어린이
202303,129,2023 에듀윌 공인중개사 임선정 합격서 공인중개사법령 및 중개실무,임선정 저,에듀윌,수험서 자격증
202304,129,"괜찮아, 그 길 끝에 행복이 기다릴 거야",손미나 저,코알라컴퍼니,에서이
202305,129,투자의 역사는 반드시 되풀이된다,정광우 저,포레스트북스,경제 경영
202306,129,다정한 것이 살아남는다,"브라이언 헤어,버네사 우즈 공저/이민아 역/박한선 감수",디플롯,자연과학
202307,129,레버리지,롭 무어 저/김유미 역,다산북스,경제 경영
202308,129,최적의 공부 뇌,이케가야 유지 저/하현성 역,포레스트북스,청소년
202309,129,[예스리커버] 유현준의 인문 건축 기행,유현준 저,을유문화사,인문
202310,129,10대를 위한 총균쇠 수업,김정진 저,넥스트씨,청소년
202311,129,아기 판다 푸바오,에버랜드 동물원 글그림,시공주니어,에서이
202312,129,사람 공부,조윤제 저,청림출판,자기계발
202201,129,아들의 뇌,곽윤정 저,포레스트북스,가정 살림
202202,129,존리의 왜 주식인가,존리 저,한국경제신문사(한경비피),경제 경영
202203,129,지성의 돈되는 부동산 1인법인,지성 저/이승현 감수,잇콘,경제 경영
202402,130,나는 주식으로 월급 두 번 받는다,공돌투자자(김동준) 저,알에이치코리아(RHK),경제 경영
202401,130,고양이 해결사 깜냥 6,홍민정 글/김재희 그림,창비,어린이
202301,130,머니 트렌드 2023,"정태익,김도윤,김경민,김상균,전영수,최준철,홍춘욱 공저",북모먼트,경제 경영
202302,130,사피엔스 (양장 특별판),유발 하라리 저/조현욱 역,김영사,인문
202303,130,ETS 토익기출 파트별 VOCA 보카,ETS 저,YBM(와이비엠),국어 외국어 사전
202304,130,그리스 로마 신화 33,박시연 글/최우빈 그림/김헌 감수,아울북,어린이
202305,130,2023 문동균 한국사 실전 봉투모의고사,문동균 편저,에스티유니타스,수험서 자격증
202306,130,백년운동,정선근 저,아티잔,건강 취미
202307,130,도파민네이션,애나 렘키 저/김두완 역,흐름출판,인문
202308,130,보도 섀퍼의 돈,보도 섀퍼 저/이병서 역,에포케,자기계발
202309,130,2023 에듀윌 공인중개사 임선정 필살키 최종이론&마무리100선 공인중개사법령 및 중개실무,임선정 편저,에듀윌,수험서 자격증
202310,130,푸른 사자 와니니 6,이현 글/오윤화 그림,창비,어린이
202311,130,"오늘 밤, 거짓말의 세계에서 잊을 수 없는 사랑을",이치조 미사키 저/김윤경 역,모모,소설/시/희곡
202312,130,1%를 읽는 힘,메르 저,토네이도,경제 경영
202201,130,서울 자가에 대기업 다니는 김 부장 이야기 3 송 과장 편,송희구 저,서삼독,자기계발
202202,130,경기도 아파트 지도,이재범(핑크팬더) 저,리더스북,경제 경영
202203,130,NFT 레볼루션,"성소라,롤프 회퍼,스콧 맥러플린 저",더퀘스트,경제 경영
202402,131,잭파시의 부동산 톱다운 투자법,잭파시(최경천) 저,다산북스,경제 경영
202401,131,영어 필사 100일의 기적,퍼포먼스 코치 리아 저,넥서스,국어 외국어 사전
202301,131,마음의 법칙,"폴커 키츠,마누엘 투쉬 공저/김희상 역",포레스트북스,인문
202302,131,부자의 그릇,이즈미 마사토 저/김윤수 역,다산북스,경제 경영
202303,131,2023 에듀윌 공인중개사 심정욱 합격서 민법 및 민사특별법,심정욱 편저,에듀윌,수험서 자격증
202304,131,조국의 법고전 산책,조국 저,오마이북,인문
202305,131,세상에서 가장 쉬운 본질육아,지나영,21세기북스,가정 살림
202306,131,진짜 쓰는 실무 엑셀,오빠두(전진권) 저,제이펍,IT 모바일
202307,131,고전의 숲,김태완 저,포레스트북스,청소년
202308,131,설민석의 삼국지 대모험 13,단꿈아이 글/스튜디오 담 그림/남이담 편,단꿈아이,어린이
202309,131,아비투스,도리스 메르틴 저/배명자 역,다산초당,인문
202310,131,설민석의 삼국지 대모험 14,단꿈아이 글/스튜디오 담 그림/남이담 편,단꿈아이,어린이
202311,131,역사는 반복된다,배기성 저,왕의서재,역사
202312,131,생선 바이블,김지민(입질의 추억) 저,BOOKERS(북커스),가정 살림
202201,131,라오어의 미국주식 무한매수법,라오어 저,알키,경제 경영
202202,131,2022 심우철 실전 동형 모의고사 Season I,심우철 저,심슨북스,수험서 자격증
202203,131,The Secret 시크릿,론다 번 저/김우열 역,살림Biz,자기계발
202402,132,시대예보: 핵개인의 시대,송길영 저,교보문고,경제 경영
202401,132,손끝과 연연 9,"모리시타 수 글,그림",학산문화사,만화/라이트노벨
202301,132,읽으면서 바로 써먹는 어린이 급수 한자 6·7·8급,한날 글그림,파란정원,어린이
202302,132,별빛 너머의 별,나태주 저,알에이치코리아(RHK),소설/시/희곡
202303,132,내가 틀릴 수도 있습니다 (토마스 산체스 에디션),비욘 나티코 린데블라드 저/토마스 산체스 그림/박미경 역,다산초당,인문
202304,132,네 기분은 어떤 색깔이니?,최숙희 글그림,책읽는곰,유아
202305,132,마음의 온도는 몇 도 일까요?,정여민 글/허구 그림,주니어김영사,어린이
202306,132,감정은 사라져도 결과는 남는다,이해인 저,필름,에서이
202307,132,따라 하면 무조건 돈 버는 부동산 1인 법인 투자의 기술,유근용 저/성정혁 감수,비즈니스북스,경제 경영
202308,132,도파민네이션,애나 렘키 저/김두완 역,흐름출판,인문
202309,132,파친코 2,이민진 저/신승미 역,인플루엔셜,소설/시/희곡
202310,132,연인 대본집 3,황진영 저,김영사,예술
202311,132,나는 배당투자로 매일 스타벅스 커피를 공짜로 마신다,송민섭(수페TV) 저,21세기북스,경제 경영
202312,132,흔한남매의 흔한 호기심 10,"흔한남매 원저/안치현 글/유난희 그림/이정모,흔한컴퍼니 감수",미래엔아이세움,어린이
202201,132,사과가 쿵!,다다 히로시 저/정근 역,보림,유아
202202,132,경매 권리분석 이렇게 쉬웠어?,박희철(파이팅팔콘) 저/송희창 감수,지혜로,경제 경영
202203,132,박막례시피 (봄 리커버 에디션),"박막례,김유라 공저",미디어창비,가정 살림
202402,133,불편한 편의점,김호연 저,나무옆의자,소설/시/희곡
202401,133,2024 시나공 정보처리기사 필기 기본서,길벗알앤디 저,길벗,IT 모바일
202301,133,원피스 ONE PIECE 104,"오다 에이치로 글,그림",대원,만화/라이트노벨
202302,133,백년운동,정선근 저,아티잔,건강 취미
202303,133,무조건 합격하는 암기의 기술,이윤규 저,더퀘스트,자기계발
202304,133,"다정한 말, 단단한 말",고정욱 글/릴리아 그림,우리학교,어린이
202305,133,죽음의 역사,앤드루 도이그 저/석혜미 역,브론스테인,역사
202306,133,돈의 심리학 (30만 부 기념 스페셜 에디션),모건 하우절 저/이지연 역,인플루엔셜,경제 경영
202307,133,"2023 큰별쌤 최태성의 별별한국사 시대별 기출문제집 한국사능력검정시험 심화(1,2,3급)",최태성 저,이투스북,수험서 자격증
202308,133,주가 급등 사유 없음,장지웅 저,이상미디랩,경제 경영
202309,133,파친코 1,이민진 저/신승미 역,인플루엔셜,소설/시/희곡
202310,133,연인 대본집 1,황진영 저,김영사,예술
202311,133,인간 실격,다자이 오사무 저/김춘미 역,민음사,소설/시/희곡
202312,133,채사장의 지대넓얕 8 : 개인 VS 사회,"채사장,마케마케 글/정용환 그림",돌핀북,어린이
202201,133,2022 이유진 국어 백일기도 모의고사 2 심화유형,이유진 편저,고시동네,수험서 자격증
202202,133,2022 이동기 영어 실전동형 모의고사 Vol.1,이동기 편저,에스티유니타스,수험서 자격증
202203,133,만화 인소의 법칙 4 한정판,아현 글그림/유한려 원저,디앤씨웹툰비즈,만화/라이트노벨
202402,134,총 균 쇠,재레드 다이아몬드 저/강주헌 역,김영사,인문
202401,134,우리 아이 미래를 바꿀 대한민국 교육 키워드7,"방종임,이만기 저",21세기북스,가정 살림
202301,134,2023 이유진 국어 백일기도 모의고사 2 심화유형,이유진 편저,고시동네,수험서 자격증
202302,134,작별인사,김영하 저,복복서가,소설/시/희곡
202303,134,사람이 보인다 관상백과,편집부 저,움터미디어,종교
202304,134,죽음의 역사,앤드루 도이그 저/석혜미 역,브론스테인,역사
202305,134,채사장의 지대넓얕 6 : 성장 VS 분배,"채사장,마케마케 글/정용환 그림",돌핀북,어린이
202306,134,ETS 토익 단기공략 750+ (LC+RC),ETS 저,YBM(와이비엠),국어 외국어 사전
202307,134,아기 판다 푸바오,에버랜드 동물원 글그림,시공주니어,에서이
202308,134,잘못된 장소 잘못된 시간,질리언 매캘리스터 저/이경 역,시옷북스,소설/시/희곡
202309,134,나를 지키는 관계가 먼저입니다,안젤라 센 저,쌤앤파커스,자기계발
202310,134,연인 대본집 2,황진영 저,김영사,예술
202311,134,부자수업,법상 저,마음의숲,에서이
202312,134,한 번뿐인 인생은 어떻게 살아야 하는가,박찬위 저,하이스트,에서이
202201,134,ETS 토익 단기공략 750+ (LC+RC),ETS 저,YBM(와이비엠),국어 외국어 사전
202202,134,명탐정 코난 100,"Aoyama Gosho 글,그림",서울미디어코믹스(서울문화사),만화/라이트노벨
202203,134,우리가 빛의 속도로 갈 수 없다면,김초엽 저,허블,소설/시/희곡
202402,135,"2024.2025 큰별쌤 최태성의 별별한국사 시대별 기출문제집 한국사능력검정시험 심화(1,2,3급)",최태성 저,이투스북,수험서 자격증
202401,135,어린 왕자 오리지널 초판본,앙투안 드 생텍쥐페리 저/김수영 역,코너스톤(도서),소설/시/희곡
202301,135,초역 니체의 말,프리드리히 니체 저/시라토리 하루히코 편,삼호미디어,인문
202302,135,BIG WAVE 거대한 변화,김영익 저,베가북스,경제 경영
202303,135,"궁금했어, 뇌과학",유윤한 글/나수은 그림,나무생각,어린이
202304,135,영어 필사 100일의 기적,퍼포먼스 코치 리아 저,넥서스,국어 외국어 사전
202305,135,나 자신으로 살아가기,임경선 저,마음산책,에서이
202306,135,1분 요리 뚝딱이형,뚝딱이형 저,길벗,가정 살림
202307,135,스즈메의 문단속,신카이 마코토 저/민경욱 역,대원씨아이(단행)(대원키즈),소설/시/희곡
202308,135,불안이 많은 아이,이다랑 저,한빛라이프,가정 살림
202309,135,삶은 예술로 빛난다,조원재 저,다산초당,인문
202310,135,백년허리2 치료편,정선근 저,언탱글링,건강 취미
202311,135,행동경제학,리처드 탈러 저/박세연 역,웅진지식하우스,경제 경영
202312,135,해님 달님 떡집,김리리 글/김이랑 그림,비룡소,어린이
202201,135,영어 공부 잘하는 아이는 이렇게 공부합니다,김도연 저,길벗,가정 살림
202202,135,앞으로 10년 빅테크 수업,조원경 저,페이지2,경제 경영
202203,135,흔한남매 9,흔한남매 원저/백난도 글/유난희 그림/흔한컴퍼니 감수,미래엔아이세움,어린이
202402,136,살인자의 쇼핑몰,강지영 저,자음과모음,소설/시/희곡
202401,136,설민석의 삼국지 대모험 15,단꿈아이 글/스튜디오 담 그림/남이담 편,단꿈아이,어린이
202301,136,2023 에듀윌 산업안전기사 필기 한권끝장 [이론편+기출문제편],최창률 저,에듀윌,수험서 자격증
202302,136,서울 부동산 절대원칙,김학렬(빠숑) 저,길벗,경제 경영
202303,136,오십에 읽는 순자,최종엽 저,유노북스,인문
202304,136,멈출 수 없는 우리 1,유발 하라리 글/리카르트 사플라나 루이스 그림/김명주 역,주니어김영사,어린이
202305,136,설민석의 한국사 대모험 24,"설민석,스토리박스 글/정현희 그림/강석화 감수",단꿈아이,어린이
202306,136,형사 박미옥,박미옥 저,이야기장수,에서이
202307,136,ETS 토익 정기시험 실전 1000 Vol. 1 LC + RC 세트 한정판 (전2권),ETS 저,YBM(와이비엠),국어 외국어 사전
202308,136,백년허리2 치료편,정선근 저,언탱글링,건강 취미
202309,136,해커스 토익 RC 리딩(Reading),David Cho 저,해커스어학연구소,국어 외국어 사전
202310,136,아주 작은 습관의 힘,제임스 클리어 저/이한이 역,비즈니스북스,자기계발
202311,136,달러 투자 무작정 따라하기,박성현 저,길벗,경제 경영
202312,136,1일 1페이지 영어 어원 365,김동섭 저,현대지성,인문
202201,136,임신 출산 육아 대백과,편집부 저,삼성출판사,가정 살림
202202,136,왜 아가리로만 할까?,"박정한,이상목,이수창 공저",들녘,에서이
202203,136,H마트에서 울다,미셸 자우너 저/정혜윤 역,문학동네,에서이
202402,137,메리골드 마음 세탁소,윤정은 저,북로망스,소설/시/희곡
202401,137,돌파매매 전략,"systrader79,김대현(Nicholas Davars) 저",이레미디어,경제 경영
202301,137,2023 써니 행정법총론 핵심집약,박준철 편저,지금(도서출판),수험서 자격증
202302,137,설민석의 한국사 대모험 23,"설민석,스토리박스 글/정현희 그림/강석화 감수",단꿈아이,어린이
202303,137,정재승의 인간 탐구 보고서 11,"정재승 기획/정재은,이고은 글/김현민 그림",아울북,어린이
202304,137,부의 추월차선 (10주년 스페셜 에디션),엠제이 드마코 저/신소영 역,토트출판사,경제 경영
202305,137,타키 포오의 이세계 여행사 2,원작 캐릭온TV 원저/스튜디오 왓츠비 글그림,대원씨아이(단행)(대원키즈),어린이
202306,137,2023 박문각 공인중개사 김덕수의 민법 모아모아 한방,김덕수 편저,박문각,수험서 자격증
202307,137,도쿄 리벤저스 31,와쿠이 켄 글그림,학산문화사,만화/라이트노벨
202308,137,누구도 나를 파괴할 수 없다,데이비드 고긴스 저/이영래 역,웅진지식하우스,자기계발
202309,137,사피엔스,유발 하라리 저/조현욱 역/이태수 감수,김영사,인문
202310,137,66일 자존감 대화법,김종원 저,카시오페아,가정 살림
202311,137,그릿 (50만 부 판매 기념 리커버 골드에디션),앤절라 더크워스 저/김미정 역,비즈니스북스,자기계발
202312,137,해커스 토익 RC 리딩(Reading),David Cho 저,해커스어학연구소,국어 외국어 사전
202201,137,새벽의 연화 36 한정판,미즈호 쿠사나기 글그림,학산문화사,만화/라이트노벨
202202,137,2022 이동기 영어 기적의 특강,이동기 편저,에스티유니타스,수험서 자격증
202203,137,나는 장사의 신이다,은현장 저,떠오름,경제 경영
202402,138,빨간내복야코 2,빨간내복야코 원저/서후 글그림,샌드박스스토리 키즈,어린이
202401,138,마법천자문 61,스튜디오 훈훈 글/정수영 그림/강용철 감수,아울북,어린이
202301,138,수학을 잘하고 싶어졌습니다,서준석 저,다산에듀,청소년
202302,138,ETS 토익기출 파트별 VOCA 보카,ETS 저,YBM(와이비엠),국어 외국어 사전
202303,138,"마흔, 다시 만날 것처럼 헤어져라",조우성 저,서삼독,자기계발
202304,138,최애의 아이 3,아카사카 아카 글/요코야리 멘고 그림,대원,만화/라이트노벨
202305,138,2023 박문각 공인중개사 정지웅 중개사법 기출지문특강 : 꼭! 반드시 다시 출제되는 지문,정지웅 저,박문각,수험서 자격증
202306,138,백년허리2 치료편,정선근 저,언탱글링,건강 취미
202307,138,그리스 로마 신화 34,박시연 글/최우빈 그림/김헌 감수,아울북,어린이
202308,138,지적 대화를 위한 넓고 얕은 지식 1,채사장 저,웨일북,인문
202309,138,2023 박문각 공인중개사 김백중 최종요약서 1차 부동산학개론,김백중 편저,박문각,수험서 자격증
202310,138,송영길의 선전포고,"송영길,박정우 공저",시월,사회 정치
202311,138,반드시 한 번에 합격하는 초압축 암기법,이형재 저,빅피시,자기계발
202312,138,지박소년 하나코 군 20 소책자 특장판,"AidaIro 글,그림/장혜영 역",서울미디어코믹스(서울문화사),만화/라이트노벨
202201,138,2022 에듀윌 산업안전기사 필기 한권끝장 [이론편+기출문제편],최창률 저,에듀윌,수험서 자격증
202202,138,똑똑하게 생존하기,"칼 벅스트롬,제빈 웨스트 공저/박선령 역",안드로메디안,자기계발
202203,138,도쿄 리벤저스 23,와쿠이 켄 글그림,학산문화사,만화/라이트노벨
202402,139,의학의 대가들,앤드루 램 저/서종민 역,상상스퀘어,건강 취미
202401,139,잘되는 집들의 비밀,정희숙 저,포레스트북스,자기계발
202301,139,이상한 과자 가게 전천당 16,히로시마레이코 글/쟈쟈 그림/김정화 역,길벗스쿨,어린이
202302,139,이 책은 돈 버는 법에 관한 이야기,고명환 저,라곰,경제 경영
202303,139,5년 후 나에게 Q&A a day (2024 판타지아 Edition),포터 스타일 저/정지현 역,토네이도,자기계발
202304,139,내가 틀릴 수도 있습니다 (토마스 산체스 에디션),비욘 나티코 린데블라드 저/토마스 산체스 그림/박미경 역,다산초당,인문
202305,139,마음 방울 채집 (윈터 에디션),무운 저,밝은세상,에서이
202306,139,아기 판다 푸바오,에버랜드 동물원 글그림,시공주니어,에서이
202307,139,거인의 노트,김익한 저,다산북스,자기계발
202308,139,애니캔,은경 글/유시연 그림,별숲,어린이
202309,139,슈뻘맨의 숨은 과학 찾기 1,"슈뻘맨 원저/서후 글/류수형 그림/샌드박스네트워크,정재형 감수",미래엔아이세움,어린이
202310,139,드루이드가 되고 싶은 당신을 위한 안내서,프로개 저,드루이드아일랜드,가정 살림
202311,139,자본주의,EBS 자본주의 제작팀 저/EBS MEDIA 기획,가나출판사,경제 경영
202312,139,부자의 그릇,이즈미 마사토 저/김윤수 역,다산북스,경제 경영
202201,139,나는 당신이 행복했으면 좋겠습니다,박찬위 저,하이스트,에서이
202202,139,얼굴만으론 좋아할 수 없어요 2,"안자이 카린 글,그림/이소연 역",서울미디어코믹스(서울문화사),만화/라이트노벨
202203,139,푸른 사자 와니니,이현 글/오윤화 그림,창비,어린이
202402,140,2024 유휘운 행정법총론 실전동형 모의고사,유휘운 저,메가스터디교육(공무원),수험서 자격증
202401,140,예의 없는 친구들을 대하는 슬기로운 말하기 사전,김원아 글/김소희 그림,사계절,어린이
202301,140,도쿄 에일리언즈 5 특장판,NAOE 글그림/박소현 역,서울미디어코믹스(서울문화사),만화/라이트노벨
202302,140,인간 실격,다자이 오사무 저/김춘미 역,민음사,소설/시/희곡
202303,140,5번 레인,은소홀 글/노인경 그림,문학동네,어린이
202304,140,해커스 일본어 첫걸음 : 일본어 기초 20일 독학 완성!,해커스 일본어연구소 저,해커스어학연구소,국어 외국어 사전
202305,140,[예스리커버] 회복탄력성,김주환 저,위즈덤하우스,자기계발
202306,140,너의 하루가 따숩길 바라,고은지 저,북라이프,에서이
202307,140,프리워터,아미나 루크먼 도슨 글/이원경 역,밝은미래,어린이
202308,140,에그박사 10,에그박사 원저/박송이 글/홍종현 그림/이승현 감수,미래엔아이세움,어린이
202309,140,ETS 토익기출 파트별 VOCA 보카,ETS 저,YBM(와이비엠),국어 외국어 사전
202310,140,아기 판다 푸바오,에버랜드 동물원 글그림,시공주니어,에서이
202311,140,흔한남매 별난 세계 여행 2,흔한남매 원저/박시연 글/정주연 그림/흔한컴퍼니 감수,미래엔아이세움,어린이
202312,140,"울트라러닝, 세계 0.1%가 지식을 얻는 비밀",스콧 영 저/이한이 역,비즈니스북스,자기계발
202201,140,잘 살아라 그게 최고의 복수다,권민창 저,마인드셋(Mindset),자기계발
202202,140,운동 말고 움직임 리셋,홍정기 저,EBS BOOKS,건강 취미
202203,140,지리의 힘,팀 마샬 저/김미선 역,사이,사회 정치
202402,141,2024 에듀윌 공인중개사 오시훈 합격서 부동산공법 이론+체계도,오시훈 편저,에듀윌,수험서 자격증
202401,141,불편한 편의점 2,김호연 저,나무옆의자,소설/시/희곡
202301,141,채사장의 지대넓얕 5 : 자본주의의 역습,"채사장,마케마케 글/정용환 그림",돌핀북,어린이
202302,141,백년허리1 진단편,정선근 저,언탱글링,건강 취미
202303,141,오백 년째 열다섯 2,김혜정 저,위즈덤하우스,청소년
202304,141,베어마켓,러셀 내피어 저/권성희 역,한국경제신문사(한경비피),경제 경영
202305,141,봇치·더·록! 5,하마지 아키 글그림,대원,만화/라이트노벨
202306,141,세상 끝의 카페,존 스트레레키 저/고상숙 역,클레이하우스,자기계발
202307,141,이은경쌤의 초등어휘일력 365,이은경 저,포레스트북스,가정 살림
202308,141,ETS 토익기출 파트별 VOCA 보카,ETS 저,YBM(와이비엠),국어 외국어 사전
202309,141,2023 에듀윌 공인중개사 한영규 필살키 최종이론&마무리100선 부동산세법,한영규 편저,에듀윌,수험서 자격증
202310,141,인간 실격,다자이 오사무 저/김춘미 역,민음사,소설/시/희곡
202311,141,원칙 PRINCIPLES,레이 달리오 저/고영태 역,한빛비즈,경제 경영
202312,141,그릿 (50만 부 판매 기념 리커버 골드에디션),앤절라 더크워스 저/김미정 역,비즈니스북스,자기계발
202201,141,세상 쉽고 맛있는 튼이 이유식,정주희 저,서사원,가정 살림
202202,141,요리코를 위해,노리즈키 린타로 저/이기웅 역,모모,소설/시/희곡
202203,141,10년 동안 적금밖에 모르던 39세 김 과장은 어떻게 1년 만에 부동산 천재가 됐을까?,김재수(렘군) 저,비즈니스북스,경제 경영
202402,142,2024 문동균 한국사 D-30 문단속 모의고사,문동균 편저,에스티유니타스,수험서 자격증
202401,142,김미경의 마흔 수업 확장판,김미경 저,어웨이크북스,자기계발
202301,142,ETS 토익 단기공략 750+ (LC+RC),ETS 저,YBM(와이비엠),국어 외국어 사전
202302,142,"우리, 편하게 말해요",이금희 저,웅진지식하우스,자기계발
202303,142,부의 추월차선 (10주년 스페셜 에디션),엠제이 드마코 저/신소영 역,토트출판사,경제 경영
202304,142,2023 ADsP 데이터 분석 준전문가,윤종식 저,데이터에듀,IT 모바일
202305,142,아웃풋 법칙,김재수(렘군) 저,더퀘스트,자기계발
202306,142,클루지 (kluge),개리 마커스 저/최호영 역,갤리온,인문
202307,142,인간 실격,다자이 오사무 저/김춘미 역,민음사,소설/시/희곡
202308,142,당신은 결국 무엇이든 해내는 사람,김상현 저,필름,에서이
202309,142,미움받을 용기 (200만 부 기념 스페셜 에디션),"기시미 이치로,고가 후미타케 저/전경아 역/김정운 감수",인플루엔셜,인문
202310,142,조선미의 현실 육아 상담소,조선미 저,북하우스,가정 살림
202311,142,한 번뿐인 인생은 어떻게 살아야 하는가,박찬위 저,하이스트,에서이
202312,142,관계의 언어,문요한 저,더퀘스트,인문
202201,142,읽으면서 바로 써먹는 어린이 한국사 퀴즈 1,한날 글그림/전기현 감수,파란정원,어린이
202202,142,지리의 힘,팀 마샬 저/김미선 역,사이,사회 정치
202203,142,정의란 무엇인가,마이클 샌델 저/김선욱 감수/김명철 역,와이즈베리,사회 정치
202402,143,컨셉 수업,"호소다 다카히로 저/지소연,권희주 역",알에이치코리아(RHK),경제 경영
202401,143,마케팅 설계자,러셀 브런슨 저/이경식 역,윌북(willbook),경제 경영
202301,143,데일리 필로소피,"라이언 홀리데이,스티븐 핸슬먼 저/장원철 역",다산초당,인문
202302,143,지무비의 유튜브 엑시트,지무비(나현갑) 저,21세기북스,자기계발
202303,143,이준석의 거부할 수 없는 미래,이준석 저,21세기북스,사회 정치
202304,143,[예스리커버] 회복탄력성,김주환 저,위즈덤하우스,자기계발
202305,143,사카모토 데이즈 10 일반판,"스즈키 유우토 글,그림",대원,만화/라이트노벨
202306,143,당신도 느리게 나이 들 수 있습니다,정희원 저,더퀘스트,인문
202307,143,진짜 쓰는 실무 엑셀,오빠두(전진권) 저,제이펍,IT 모바일
202308,143,세계를 건너 너에게 갈게,이꽃님 저,문학동네,청소년
202309,143,백년허리2 치료편,정선근 저,언탱글링,건강 취미
202310,143,눈에 갇힌 외딴 산장에서,히가시노 게이고 저/김난주 역,재인,소설/시/희곡
202311,143,오늘도 나아가는 중입니다 (겨울 에디션),조민 저,참새책방,에서이
202312,143,머니 트렌드 2024,"김도윤,정태익,김용섭,김현준,전영수,채상욱,최재붕,홍춘욱 공저",북모먼트,경제 경영
202201,143,감옥으로부터의 사색,신영복 저,돌베개,에서이
202202,143,세상 쉽고 맛있는 튼이 이유식,정주희 저,서사원,가정 살림
202203,143,세상 쉽고 맛있는 튼이 이유식,정주희 저,서사원,가정 살림
202402,144,김재우의 영어회화 100,김재우 저,상상스퀘어,국어 외국어 사전
202401,144,메리골드 마음 세탁소,윤정은 저,북로망스,소설/시/희곡
202301,144,웰씽킹 WEALTHINKING,켈리 최 저,다산북스,자기계발
202302,144,2023 이유진 국어 필사즉생 모의고사 백일기도 3 - 실전유형,"이유진,최형우 편저",고시동네,수험서 자격증
202303,144,트렌드 코리아 2023,"김난도,전미영,최지혜,이수진,권정윤,이준영,이향은,한다혜,이혜원,추예린,전다현 공저",미래의창,경제 경영
202304,144,영어독립 인생 명언 200,상상스퀘어 영어독립콘텐츠팀 저,상상스퀘어,국어 외국어 사전
202305,144,잘했고 잘하고 있고 잘 될 것이다 (스페셜 리미티드 에디션),정영욱 저,부크럼,에서이
202306,144,메타버스 모든 것의 혁명,매튜 볼 저/송이루 역,다산북스,경제 경영
202307,144,공부하고 있다는 착각,대니얼 T. 윌링햄 저/박세연 역,웅진지식하우스,인문
202308,144,스파이 패밀리 Spy Family 11,엔도 타츠야 글그림,학산문화사,만화/라이트노벨
202309,144,그럴 수 있어,양희은 저,웅진지식하우스,에서이
202310,144,잘못된 장소 잘못된 시간,질리언 매캘리스터 저/이경 역,시옷북스,소설/시/희곡
202311,144,기업분석 처음공부,체리형부 저,이레미디어,경제 경영
202312,144,국토박물관 순례 1,유홍준 저,창비,역사
202201,144,햇빛은 찬란하고 인생은 귀하니까요,장명숙 저,김영사,에서이
202202,144,이상한 과자 가게 전천당 12,히로시마 레이코 글/쟈쟈 그림/김정화 역,길벗스쿨,어린이
202203,144,타이탄의 도구들 (블랙 에디션),"팀 페리스 저/박선령,정지현 공역",토네이도,자기계발
202402,145,2024 SD에듀 투자자산운용사 실제유형 모의고사 + 특별부록 PASSCODE Premium ver 5.0,유창호 편저,시대고시기획 시대교육,수험서 자격증
202401,145,돈의 심리학 (30만 부 기념 스페셜 에디션),모건 하우절 저/이지연 역,인플루엔셜,경제 경영
202301,145,이토록 공부가 재미있어지는 순간,박성혁 저,다산북스,청소년
202302,145,레버리지,롭 무어 저/김유미 역,다산북스,경제 경영
202303,145,신기한 맛 도깨비 식당 4,"김용세,김병섭 글/센개 그림",꿈터,어린이
202304,145,마흔에 읽는 니체,장재형 저,유노북스,인문
202305,145,네 기분은 어떤 색깔이니?,최숙희 글그림,책읽는곰,유아
202306,145,몰입 합본판 (100쇄 기념 합본 에디션),황농문 저,알에이치코리아(RHK),자기계발
202307,145,흔한남매 이무기 1,흔한남매 원저/이종혁 글/도니패밀리 그림/흔한컴퍼니 감수,미래엔아이세움,어린이
202308,145,마음이 아니라 뇌가 불안한 겁니다,다니엘 G. 에이멘 저/이은경 역,위즈덤하우스,인문
202309,145,2023 하반기 해커스 GSAT 삼성직무적성검사 통합 기본서 최신기출유형+실전모의고사,해커스 취업교육연구소 저,해커스잡,수험서 자격증
202310,145,설민석의 세계사 대모험 18,"설민석,김정욱 글/박성일 그림/박삼헌 감수",단꿈아이,어린이
202311,145,[예스리커버] 유현준의 인문 건축 기행,유현준 저,을유문화사,인문
202312,145,세상의 마지막 기차역,무라세 다케시 저/김지연 역,모모,소설/시/희곡
202201,145,스톱 씽킹,리처드 칼슨 저/박산호 역,윌북(willbook),자기계발
202202,145,만화로 배우는 조선 왕실의 신화,우용곡 글그림/전인혁 감수,한빛비즈,역사
202203,145,2022 문동균 한국사 D-30 문단속 모의고사,문동균 편저,에스티유니타스,수험서 자격증
202402,146,우리가 작별 인사를 할 때마다,마거릿 렌클 저/빌리 렌클 그림/최정수 역,을유문화사,에서이
202401,146,아이는 무엇으로 자라는가,버지니아 사티어 저/강유리 역,포레스트북스,가정 살림
202301,146,해커스 토익 실전 1000제 1 LC Listening (리스닝) 문제집,해커스 어학연구소 저,해커스어학연구소,국어 외국어 사전
202302,146,아이에게 주는 감정 유산,이남옥 저,라이프앤페이지,가정 살림
202303,146,마케팅 설계자,러셀 브런슨 저/이경식 역,윌북(willbook),경제 경영
202304,146,2023 에듀윌 공인중개사 김민석 합격서 부동산공시법,김민석 편저,에듀윌,수험서 자격증
202305,146,몰입 합본판 (100쇄 기념 합본 에디션),황농문 저,알에이치코리아(RHK),자기계발
202306,146,사피엔스,유발 하라리 저/조현욱 역/이태수 감수,김영사,인문
202307,146,그릿 (50만 부 판매 기념 리커버 골드에디션),앤절라 더크워스 저/김미정 역,비즈니스북스,자기계발
202308,146,진짜 쓰는 실무 엑셀,오빠두(전진권) 저,제이펍,IT 모바일
202309,146,바다가 들리는 편의점 2,마치다 소노코 저/황국영 역,모모,소설/시/희곡
202310,146,세계를 건너 너에게 갈게,이꽃님 저,문학동네,청소년
202311,146,사피엔스,유발 하라리 저/조현욱 역/이태수 감수,김영사,인문
202312,146,최태성의 365 한국사 일력,최태성 저,프런트페이지,역사
202201,146,최소한의 선의,문유석 저,문학동네,사회 정치
202202,146,사피엔스,유발 하라리 저/조현욱 역/이태수 감수,김영사,인문
202203,146,훌훌,문경민 저,문학동네,청소년
202402,147,내면소통,김주환 저,인플루엔셜,인문
202401,147,"나태주, 시간의 쉼표",나태주 글그림,서울문화사,소설/시/희곡
202301,147,오십에 읽는 논어,최종엽 저,유노북스,인문
202302,147,EBS 왕초보영어 2023 (상편),EBS 저,한국교육방송공사,국어 외국어 사전
202303,147,2023 해커스 GSAT 삼성직무적성검사 통합 기본서 최신기출유형+실전모의고사 (수리논리/추리),해커스 취업교육연구소 저,챔프스터디,수험서 자격증
202304,147,기분이 태도가 되지 말자,김수현 저,하이스트,에서이
202305,147,내가 틀릴 수도 있습니다 (토마스 산체스 에디션),비욘 나티코 린데블라드 저/토마스 산체스 그림/박미경 역,다산초당,인문
202306,147,놓지 마 맞춤법 1,신태훈 글/나승훈 그림/정상은 감수,주니어김영사,어린이
202307,147,세계를 건너 너에게 갈게,이꽃님 저,문학동네,청소년
202308,147,해커스 토익 RC 리딩(Reading),David Cho 저,해커스어학연구소,국어 외국어 사전
202309,147,프리워터,아미나 루크먼 도슨 글/이원경 역,밝은미래,어린이
202310,147,부의 추월차선 (10주년 스페셜 에디션),엠제이 드마코 저/신소영 역,토트출판사,경제 경영
202311,147,무기가 되는 시스템,도널드 밀러 저/이민희 역,윌북(willbook),경제 경영
202312,147,어떤 섬세함,이석원 저,위즈덤하우스,에서이
202201,147,"총, 균, 쇠",재레드 다이아몬드 저/김진준 역,문학사상,사회 정치
202202,147,호리미야 16 한정판,HERO 글/하기와라 다이스케 그림,학산문화사,만화/라이트노벨
202203,147,주술회전 18 일반판,아쿠타미 게게 글그림/이정운 역,서울미디어코믹스(서울문화사),만화/라이트노벨
202402,148,똑똑한 사람은 어떻게 생각하고 질문하는가,이시한 저,북플레저,자기계발
202401,148,2024 큰별쌤 최태성의 별별한국사 한국사능력검정시험 기본(4·5·6급),최태성 저,이투스북,수험서 자격증
202301,148,천문학자는 별을 보지 않는다,심채경 저,문학동네,에서이
202302,148,레버리지,롭 무어 저/김유미 역,다산북스,경제 경영
202303,148,챗GPT 기회를 잡는 사람들,장민 저,알투스,경제 경영
202304,148,내가 가진 것을 세상이 원하게 하라,최인아 저,해냄,자기계발
202305,148,진짜 쓰는 실무 엑셀,오빠두(전진권) 저,제이펍,IT 모바일
202306,148,2023 제14회 젊은작가상 수상작품집,"이미상,김멜라,성혜령,이서수,정선임,함윤이,현호정 저",문학동네,소설/시/희곡
202307,148,설민석의 세계사 대모험 17,"설민석,김정욱 글/박성일 그림/박삼헌 감수",단꿈아이,어린이
202308,148,엄마의 10억,이지영 저,알에이치코리아(RHK),경제 경영
202309,148,인간 실격,다자이 오사무 저/김춘미 역,민음사,소설/시/희곡
202310,148,사피엔스,유발 하라리 저/조현욱 역/이태수 감수,김영사,인문
202311,148,지적 대화를 위한 넓고 얕은 지식 1,채사장 저,웨일북,인문
202312,148,대화의 정석,정흥수(흥버튼) 저,피카(FIKA),자기계발
202201,148,보이지 않는 곳에서 애쓰고 있는 너에게,최대호 저,떠오름,에서이
202202,148,채사장의 지대넓얕 2 : 자본이라는 신,채사장 원저/마케마케 글/정용환 그림,돌핀북,어린이
202203,148,파도야 놀자,이수지 저,비룡소,유아
202402,149,데일 카네기 인간관계론 (무삭제 완역본),데일 카네기 저/박선영 역/신영준 감수,상상스퀘어,자기계발
202401,149,2024 나합격 산업안전기사 필기+무료특강+빈출요약집+FINAL 필기시험 문제지,"김현우,허선혜 저",삼원북스,수험서 자격증
202301,149,민쩌미의 쩜그레 1,민쩌미 원저/백승하 글/라임스튜디오 그림,겜툰,어린이
202302,149,체인소 맨 12,"후지모토 타츠키 글,그림",학산문화사,만화/라이트노벨
202303,149,흔한남매 수수께끼 어드벤처 2,"흔한남매 원저/노지영 글/도니패밀리 그림/흔한컴퍼니,정재형 감수",미래엔아이세움,어린이
202304,149,백년운동,정선근 저,아티잔,건강 취미
202305,149,오싹오싹 편의점,김영진 글그림,책읽는곰,유아
202306,149,어머니의 유산,미즈무라 미나에 저/송태욱 역,복복서가,소설/시/희곡
202307,149,삼국지 경영학,최우석 저,을유문화사,경제 경영
202308,149,바다가 들리는 편의점 2,마치다 소노코 저/황국영 역,모모,소설/시/희곡
202309,149,원펀맨 ONE PUNCH MAN 28,ONE 원저/무라타 유스케 그림,대원,만화/라이트노벨
202310,149,백년운동,정선근 저,아티잔,건강 취미
202311,149,에그박사와 공룡 에그,에그박사 원저/최설희 글/도니패밀리 그림/김진겸 감수,미래엔아이세움,어린이
202312,149,"영어 1등급, 초등 4학년에 결정된다",김수민 저,심야책방,가정 살림
202201,149,싱글맘 부동산 경매로 홀로서기,이선미 저/송희창 감수,지혜로,경제 경영
202202,149,원펀맨 ONE PUNCH MAN 24,ONE 원저/무라타 유스케 그림,대원,만화/라이트노벨
202203,149,전지적 독자 시점 4,슬리피-C 글그림/UMI 각색/싱숑 원저,에이템포미디어,만화/라이트노벨
202402,150,사장학개론,김승호 저,스노우폭스북스,경제 경영
202401,150,도파민네이션,애나 렘키 저/김두완 역,흐름출판,인문
202301,150,엄마의 말 공부 일력 365,이임숙 저/사로서로 그림,카시오페아,가정 살림
202302,150,마법천자문 57,유대영 글/정수영 그림/강용철 감수,아울북,어린이
202303,150,2023 박문각 공인중개사 박문각 익힘장 2차 부동산공시법령,박윤모 편저,박문각,수험서 자격증
202304,150,인간 실격,다자이 오사무 저/김춘미 역,민음사,소설/시/희곡
202305,150,구의 증명,최진영 저,은행나무,소설/시/희곡
202306,150,레버리지,롭 무어 저/김유미 역,다산북스,경제 경영
202307,150,몰입 합본판 (100쇄 기념 합본 에디션),황농문 저,알에이치코리아(RHK),자기계발
202308,150,마법천자문 59,유대영 글/정수영 그림/강용철 감수,아울북,어린이
202309,150,위풍당당 여우 꼬리 4,손원평 글/만물상 그림,창비,어린이
202310,150,비가 오면 열리는 상점 (윈터 에디션),유영광 저,클레이하우스,소설/시/희곡
202311,150,스파이 패밀리 Spy Family 12,엔도 타츠야 글그림,학산문화사,만화/라이트노벨
202312,150,스파이 패밀리 Spy Family 12,엔도 타츠야 글그림,학산문화사,만화/라이트노벨
202201,150,도쿄 리벤저스 19,와쿠이 켄 글그림,학산문화사,만화/라이트노벨
202202,150,방울이 TV 딸랑 예술학교 코믹만화 1,방울이TV 원저/김언정 글/김영진 그림,학산문화사(단행본),어린이
202203,150,2022 이동기 영어 Final 동형모의고사 Vol.1,이동기 편저,에스티유니타스,수험서 자격증
202402,151,누구나 알고 싶어 하는 아파트 투자 방법,구만수 저,두드림미디어,경제 경영
202401,151,부를 끌어당기는 글쓰기,부아c 저,황금부엉이,경제 경영
202301,151,설민석의 삼국지 대모험 10,단꿈아이 글/스튜디오 담 그림,단꿈아이,어린이
202302,151,이준석의 거부할 수 없는 미래,이준석 저,21세기북스,사회 정치
202303,151,데미안,헤르만 헤세 저/전영애 역,민음사,소설/시/희곡
202304,151,불량한 자전거 여행,김남중 저/허태준 그림,창비,어린이
202305,151,칩 워,크리스 밀러 저/노정태 역,부키,경제 경영
202306,151,"비트코인, 그리고 달러의 지정학",오태민 저,거인의정원,경제 경영
202307,151,해커스 보카 Hackers Vocabulary,David Cho 저,해커스어학연구소,국어 외국어 사전
202308,151,인간 실격,다자이 오사무 저/김춘미 역,민음사,소설/시/희곡
202309,151,나는 너랑 노는 게 제일 좋아,하태완 저,북로망스,에서이
202310,151,들꽃 식혜,백유연 글그림,웅진주니어,유아
202311,151,그리스 로마 신화 36,박시연 글/최우빈 그림/김헌 감수,아울북,어린이
202312,151,처음부터 시작하는 주식투자 단타전략,홍인기 저,길벗,경제 경영
202201,151,2030 축의 전환,마우로 기옌 저/우진하 역,리더스북,경제 경영
202202,151,"가치투자, 주식황제 존 네프처럼 하라","존 네프,스티븐 L. 민츠 공저/김광수 역",시대의창,경제 경영
202203,151,NFT 사용설명서,"맷 포트나우,큐해리슨 테리 저/남경보 역",여의도책방,경제 경영
202402,152,NEW 미꽃체 손글씨 노트,최현미(미꽃) 저,시원북스,건강 취미
202401,152,이서윤쌤의 초등한자어휘 일력,이서윤 글/오우성 그림,메가스터디북스,가정 살림
202301,152,장단기 투자의 비밀,래리 윌리엄스 저/이은주 역/성전 감수,이레미디어,경제 경영
202302,152,초역 니체의 말,프리드리히 니체 저/시라토리 하루히코 편,삼호미디어,인문
202303,152,지적 대화를 위한 넓고 얕은 지식 제로,채사장 저,웨일북,인문
202304,152,5번 레인,은소홀 글/노인경 그림,문학동네,어린이
202305,152,이상한 과자 가게 전천당 17,히로시마레이코 글/쟈쟈 그림/김정화 역,길벗스쿨,어린이
202306,152,이렇게 살면 큰일 나는 줄 알았지,리틀타네 저,웅진지식하우스,에서이
202307,152,신기한 맛 도깨비 식당 5,"김용세,김병섭 글/센개 그림",꿈터,어린이
202308,152,백년운동,정선근 저,아티잔,건강 취미
202309,152,쩐의 흐름을 타라,미녀53 저,에디터,경제 경영
202310,152,ETS 토익기출 파트별 VOCA 보카,ETS 저,YBM(와이비엠),국어 외국어 사전
202311,152,강신주의 장자수업 2,강신주 저,EBS BOOKS,인문
202312,152,인간 실격,다자이 오사무 저/김춘미 역,민음사,소설/시/희곡
202201,152,미스터 마켓 2022,"이한영,김효진,이다솔,이효석,염승환 저",페이지2,경제 경영
202202,152,설민석의 세계사 대모험 11,"설민석,김정욱 글/박성일 그림/원태준 감수",단꿈아이,어린이
202203,152,아끼고 아낀 말,정세운 저,위즈덤하우스,에서이
202402,153,세상은 이야기로 만들어졌다,"자미라 엘 우아실,프리데만 카릭 공저/김현정 역",원더박스,인문
202401,153,한 권으로 끝내는 해커스 토익 700+ (LC+RC+VOCA),해커스어학연구소 저,해커스어학연구소,국어 외국어 사전
202301,153,해커스 보카 Hackers Vocabulary,David Cho 저,해커스어학연구소,국어 외국어 사전
202302,153,만화 나 혼자만 레벨업 7 한정판,장성락(REDICE STUDIO) 글그림/추공 원저,디앤씨웹툰비즈,만화/라이트노벨
202303,153,인스타 브레인,안데르스 한센 저/김아영 역,동양북스(동양books),인문
202304,153,2023 에듀윌 공인중개사 임선정 그림 암기법(공인중개사법령 및 중개실무),임선정 편저,에듀윌,수험서 자격증
202305,153,"오늘 밤, 세계에서 이 사랑이 사라진다 해도",이치조 미사키 저/권영주 역,모모,소설/시/희곡
202306,153,자본주의,EBS 자본주의 제작팀 저/EBS MEDIA 기획,가나출판사,경제 경영
202307,153,이토록 공부가 재미있어지는 순간,박성혁 저,다산북스,청소년
202308,153,전쟁 같은 맛,그레이스 M. 조 저/주해연 역,글항아리,에서이
202309,153,돈은 좋지만 재테크는 겁나는 너에게,뿅글이 저,황금부엉이,경제 경영
202310,153,만일 내가 인생을 다시 산다면 (35만 부 기념 스페셜 에디션),김혜남 저,메이븐,인문
202311,153,국토박물관 순례 1,유홍준 저,창비,역사
202312,153,NEW 미꽃체 손글씨 노트,최현미(미꽃) 저,시원북스,건강 취미
202201,153,사경인의 친절한 투자 과외,"사경인,이지영 저",페이지2,경제 경영
202202,153,서울 자가에 대기업 다니는 김 부장 이야기 3 송 과장 편,송희구 저,서삼독,자기계발
202203,153,우리는 언제나 다시 만나,윤여림 글/안녕달 그림,위즈덤하우스,유아
202402,154,브랜드 설계자,러셀 브런슨 저/홍경탁 역,윌북(willbook),경제 경영
202401,154,전지적 푸바오 시점,"송영관 저/송영관,류정훈 사진",위즈덤하우스,에서이
202301,154,달러구트 꿈 백화점,이미예 저,팩토리나인,소설/시/희곡
202302,154,지적 대화를 위한 넓고 얕은 지식 2,채사장 저,웨일북,인문
202303,154,인간 실격,다자이 오사무 저/김춘미 역,민음사,소설/시/희곡
202304,154,생에 감사해,김혜자 저,수오서재,에서이
202305,154,"사춘기 딸에게 힘이 되어주는, 부모의 말 공부",이현정 저,포레스트북스,가정 살림
202306,154,알아차림에 대한 알아차림,루퍼트 스파이라 저/김주환 역,퍼블리온,인문
202307,154,감정은 사라져도 결과는 남는다,이해인 저,필름,에서이
202308,154,[예스리커버] 생각하라 그리고 부자가 되어라,나폴레온 힐 저/빌 하틀리 편/이한이 역,반니,자기계발
202309,154,김미경의 마흔 수업,김미경 저,어웨이크북스,자기계발
202310,154,잘되는 집들의 비밀,정희숙 저,포레스트북스,자기계발
202311,154,가짜 노동,"데니스 뇌르마르크,아네르스 포그 옌센 저/이수영 역",자음과모음,사회 정치
202312,154,춘식툰 (윈터 에디션),카카오 저,미메시스,에서이
202201,154,우리가 빛의 속도로 갈 수 없다면,김초엽 저,허블,소설/시/희곡
202202,154,완전한 행복,정유정 저,은행나무,소설/시/희곡
202203,154,ETS 토익 기출 VOCA 출제기관 공식수험서,ETS 저,YBM(와이비엠),국어 외국어 사전
202402,155,양선수의 온라인 PT,양선수 저,싸이프레스,건강 취미
202401,155,데미안,헤르만 헤세 저/전영애 역,민음사,소설/시/희곡
202301,155,[예스리커버] 생각하라 그리고 부자가 되어라,나폴레온 힐 저/빌 하틀리 편/이한이 역,반니,자기계발
202302,155,천하제일 치킨쇼,이희정 글/김무연 그림,비룡소,어린이
202303,155,해커스 토익 LC 리스닝(Listening),David Cho 저,해커스어학연구소,국어 외국어 사전
202304,155,타키 포오 코믹 어드벤처 1,캐릭온TV 원저/안도감 편/김규태 그림,대원씨아이(단행)(대원키즈),어린이
202305,155,부자의 그릇,이즈미 마사토 저/김윤수 역,다산북스,경제 경영
202306,155,그릿 (50만 부 판매 기념 리커버 골드에디션),앤절라 더크워스 저/김미정 역,비즈니스북스,자기계발
202307,155,너의 하루가 따숩길 바라,고은지 저,북라이프,에서이
202308,155,[예스리커버] 회복탄력성,김주환 저,위즈덤하우스,자기계발
202309,155,백년운동,정선근 저,아티잔,건강 취미
202310,155,끝말잇기,김영진 글그림,길벗어린이,유아
202311,155,"오늘 밤, 세계에서 이 사랑이 사라진다 해도",이치조 미사키 저/권영주 역,모모,소설/시/희곡
202312,155,돈의 심리학 (30만 부 기념 스페셜 에디션),모건 하우절 저/이지연 역,인플루엔셜,경제 경영
202201,155,고래별 6 + 세트박스,"나윤희 글,그림",알에이치코리아(RHK),만화/라이트노벨
202202,155,하루라도 공부만 할 수 있다면,박철범 저,다산에듀,청소년
202203,155,메멘토 모리,이어령 저/김태완 편,열림원,인문
202402,156,해커스 토익 LC 리스닝(Listening),David Cho 저,해커스어학연구소,국어 외국어 사전
202401,156,원칙 PRINCIPLES,레이 달리오 저/고영태 역,한빛비즈,경제 경영
202301,156,사람이 보인다 관상백과,편집부 저,움터미디어,종교
202302,156,2023 써니 행정법총론 단원별 모의고사,박준철 편저,지금(도서출판),수험서 자격증
202303,156,사피엔스 (양장 특별판),유발 하라리 저/조현욱 역,김영사,인문
202304,156,흔한남매 이상한 나라의 고전 읽기 3,흔한남매 감수/최재훈 글/정주연 그림,미래엔아이세움,어린이
202305,156,마음챙김의 시,류시화 편,수오서재,소설/시/희곡
202306,156,주식투자 최적의 타이밍을 잡는 법,스탠 와인스타인 저/우승택 역,플로우,경제 경영
202307,156,스토너,존 윌리엄스 저/김승욱 역,알에이치코리아(RHK),소설/시/희곡
202308,156,순도 100퍼센트의 휴식,박상영 저,인플루엔셜,에서이
202309,156,요즘 어른을 위한 최소한의 세계사,임소미 저/김봉중 감수,빅피시,역사
202310,156,365 _ 원칙을 세우다,유목민 저,경이로움,자기계발
202311,156,돈의 심리학 (30만 부 기념 스페셜 에디션),모건 하우절 저/이지연 역,인플루엔셜,경제 경영
202312,156,완전 배출,조승우 저,사이몬북스,건강 취미
202201,156,The Secret 시크릿,론다 번 저/김우열 역,살림Biz,자기계발
202202,156,구의 증명,최진영 저,은행나무,소설/시/희곡
202203,156,2022 선재국어 나침판 기출 변형 모의고사,이선재 편저,에스티유니타스,수험서 자격증
202402,157,임신 출산 육아 대백과 최신개정판,편집부 저,삼성출판사,가정 살림
202401,157,세상의 마지막 기차역,무라세 다케시 저/김지연 역,모모,소설/시/희곡
202301,157,거의 모든 일상 표현의 영어,"케빈 강,해나 변 저",사람in,국어 외국어 사전
202302,157,지적 대화를 위한 넓고 얕은 지식 제로,채사장 저,웨일북,인문
202303,157,그리스 로마 신화 32,박시연 글/최우빈 그림/김헌 감수,아울북,어린이
202304,157,2023 이유진 국어 화제의 모의고사 (봉투형),이유진 편저,고시동네,수험서 자격증
202305,157,"우리, 편하게 말해요",이금희 저,웅진지식하우스,자기계발
202306,157,해커스 토익 LC 리스닝(Listening),David Cho 저,해커스어학연구소,국어 외국어 사전
202307,157,클루지 (kluge),개리 마커스 저/최호영 역,갤리온,인문
202308,157,사피엔스,유발 하라리 저/조현욱 역/이태수 감수,김영사,인문
202309,157,만일 내가 인생을 다시 산다면 (35만 부 기념 스페셜 에디션),김혜남 저,메이븐,인문
202310,157,여름을 한 입 베어 물었더니,이꽃님 저,문학동네,청소년
202311,157,단 한 사람,최진영 저,한겨레출판,소설/시/희곡
202312,157,거인의 노트,김익한 저,다산북스,자기계발
202201,157,영어 필사 100일의 기적,퍼포먼스 코치 리아 저,넥서스,국어 외국어 사전
202202,157,튤립 사운드북 분홍이 세트,권오순 외 글/조화평 외 그림,스마트베어,유아
202203,157,ETS 토익 단기공략 750+ (LC+RC),ETS 저,YBM(와이비엠),국어 외국어 사전
202402,158,하와이 대저택 100일 미라클,하와이 대저택 저,메가스터디북스,자기계발
202401,158,구름에 달 가리운 방금 전까지 인간이었다,미야베 미유키 저/이규원 역,북스피어,소설/시/희곡
202301,158,우리는 모두 죽는다는 것을 기억하라,웨인 다이어 저/정지현 역,토네이도,자기계발
202302,158,씽킹 101,안우경 저/김보람 역,흐름출판,인문
202303,158,문학을 열다 세트,김유정 등저/에토프 그림,스푼북,청소년
202304,158,최애의 아이 4,아카사카 아카 글/요코야리 멘고 그림,대원,만화/라이트노벨
202305,158,마흔에 읽는 니체,장재형 저,유노북스,인문
202306,158,정철의 A.D. 영어학습법,정철 저,두란노,종교
202307,158,차트박사의 승률 80% 신 매매기법,성경호 저,이레미디어,경제 경영
202308,158,처음 읽는 그리스 로마 신화 10,최설희 글/정수영 편/한현동 그림,미래엔아이세움,어린이
202309,158,운동의 뇌과학,제니퍼 헤이스 저/이영래 역,현대지성,자연과학
202310,158,설민석의 그리스 로마 신화 대모험 5,"설민석,남이담 글/이미나 그림/김헌 감수",단꿈아이,어린이
202311,158,비가 오면 열리는 상점 (윈터 에디션),유영광 저,클레이하우스,소설/시/희곡
202312,158,초등 한국사 용어 일력 365,오현선 저,서사원주니어,어린이
202201,158,2022 이동기 영어 실전동형 모의고사 Vol.1,이동기 편저,에스티유니타스,수험서 자격증
202202,158,"칵테일, 러브, 좀비",조예은 저,안전가옥,소설/시/희곡
202203,158,임신 출산 육아 대백과,편집부 저,삼성출판사,가정 살림
202402,159,바다가 들리는 편의점 합본 (겨울 한정판 에디션),마치다 소노코 저/황국영 역,모모,소설/시/희곡
202401,159,무기가 되는 글쓰기,배작가 저,다산북스,경제 경영
202301,159,이기적 유전자 The Selfish Gene,"리처드 도킨스 저/홍영남,이상임 공역",을유문화사,자연과학
202302,159,80세의 벽,와다 히데키 저/김동연 역,한스미디어,자기계발
202303,159,혼공쌤의 초등만화영문법 (하),허준석 글/최정화 그림,길벗스쿨,어린이
202304,159,1학년 한글 떼기,하유정 글/김희선 그림,한빛에듀,유아
202305,159,나를 위한 가벼운 집밥책,서정아 저,허밍버드,가정 살림
202306,159,아주 세속적인 지혜,발타자르 그라시안 저/강정선 역,페이지2,자기계발
202307,159,고양이 해결사 깜냥 5,홍민정 글/김재희 그림,창비,어린이
202308,159,마케팅 설계자,러셀 브런슨 저/이경식 역,윌북(willbook),경제 경영
202309,159,이은경쌤의 초등어휘일력 365,이은경 저,포레스트북스,가정 살림
202310,159,푸틴을 죽이는 완벽한 방법,김진명 저,이타북스,소설/시/희곡
202311,159,부자의 그릇,이즈미 마사토 저/김윤수 역,다산북스,경제 경영
202312,159,마케팅 설계자,러셀 브런슨 저/이경식 역,윌북(willbook),경제 경영
202201,159,종의 기원,정유정 저,은행나무,소설/시/희곡
202202,159,나만의 순간들,김현경 저,피카(FIKA),에서이
202203,159,데미안,헤르만 헤세 저/전영애 역,민음사,소설/시/희곡
202402,160,침팬지 폴리틱스,"프란스 드 발 저/황상익,장대익 공역",바다출판사,자연과학
202401,160,거인의 노트,김익한 저,다산북스,자기계발
202301,160,거인의 어깨 1,홍진채 저,포레스트북스,경제 경영
202302,160,별의 커비 디스커버리 2,"다카세 미에 글/가리노 타우,포토 그림/현승희 역",해피북스투유,어린이
202303,160,맨큐의 경제학,"N. Gregory Mankiw 저/김경환,김종석 공역",센게이지러닝(Cengage Learning),대학교재
202304,160,백년허리1 진단편,정선근 저,언탱글링,건강 취미
202305,160,"다정한 말, 단단한 말",고정욱 글/릴리아 그림,우리학교,어린이
202306,160,칩 워,크리스 밀러 저/노정태 역,부키,경제 경영
202307,160,스튜디오 지브리 입체건축전 도록 (복각판),스튜디오 지브리 저,학산문화사(단행본),만화/라이트노벨
202308,160,몰입 Think hard!,황농문 저,알에이치코리아(RHK),자기계발
202309,160,5번 레인,은소홀 글/노인경 그림,문학동네,어린이
202310,160,돈의 심리학 (30만 부 기념 스페셜 에디션),모건 하우절 저/이지연 역,인플루엔셜,경제 경영
202311,160,연인 포토에세이,mbc 드라마 [연인] 제작진 저,오리지널스,에서이
202312,160,장하리,추미애 저,해피스토리,소설/시/희곡
202201,160,우리말 어감사전,안상순 저,유유,인문
202202,160,장미의 이름은 장미,은희경 저,문학동네,소설/시/희곡
202203,160,알사탕,백희나 글그림,책읽는곰,유아
202402,161,100일 아침 습관의 기적,켈리 최 저,다산북스,자기계발
202401,161,흔한남매 수수께끼 어드벤처 4,"흔한남매 원저/노지영 글/도니패밀리 그림/흔한컴퍼니,정재형 감수",미래엔아이세움,어린이
202301,161,어린이를 위한 초등 매일 글쓰기의 힘 : 세줄쓰기,이은경 저,상상아카데미,가정 살림
202302,161,이어령의 마지막 수업,"김지수,이어령 저",열림원,인문
202303,161,지적 대화를 위한 넓고 얕은 지식 2,채사장 저,웨일북,인문
202304,161,서울대생의 비밀과외,소린TV 저,다산에듀,청소년
202305,161,체인소 맨 13,"후지모토 타츠키 글,그림",학산문화사,만화/라이트노벨
202306,161,리얼리티 트랜서핑 1,바딤 젤란드 저/박인수 역,정신세계사,자기계발
202307,161,수박 수영장,"안녕달 글,그림",창비,유아
202308,161,탱크,김희재 저,한겨레출판,소설/시/희곡
202309,161,아는 만큼 보인다,유홍준 저,창비,역사
202310,161,꽃을 보듯 너를 본다,나태주 저,지혜,소설/시/희곡
202311,161,신기한 맛 도깨비 식당 6,"김용세,김병섭 글/센개 그림",꿈터,어린이
202312,161,겨울 이불,안녕달 글그림,창비,유아
202201,161,"수학, 개념 씹어먹고 공부해봤니?",조안호 저,시공사,가정 살림
202202,161,메타버스,김상균 저,플랜비디자인,경제 경영
202203,161,C언어 Express,천인국 저,생능출판사,IT 모바일
202402,162,가장 아끼는 너에게 주고 싶은 말,도연화 저,부크럼,에서이
202401,162,"결코, 배불리 먹지 말 것","미즈노 남보쿠 저/서진 편저,기획",스노우폭스북스,경제 경영
202301,162,자존감 수업,윤홍균 저,심플라이프,자기계발
202302,162,거의 모든 일상 표현의 영어,"케빈 강,해나 변 저",사람in,국어 외국어 사전
202303,162,돈의 심리학 (30만 부 기념 스페셜 에디션),모건 하우절 저/이지연 역,인플루엔셜,경제 경영
202304,162,2023 에듀윌 공인중개사 한영규 합격서 부동산세법,한영규 편저,에듀윌,수험서 자격증
202305,162,블랙 쇼맨과 환상의 여자,히가시노 게이고 저/최고은 역,알에이치코리아(RHK),소설/시/희곡
202306,162,[예스리커버] 생각하라 그리고 부자가 되어라,나폴레온 힐 저/빌 하틀리 편/이한이 역,반니,자기계발
202307,162,타키 포오의 이세계 여행사 3,원작 캐릭온TV 원저/스튜디오 왓츠비 글그림,대원씨아이(단행)(대원키즈),어린이
202308,162,흔한남매 13,흔한남매 원저/백난도 글/유난희 그림/흔한컴퍼니 감수,미래엔아이세움,어린이
202309,162,영상 연출법 101,스킴온웨스트(김성영) 저,동녘,예술
202310,162,위기의 역사,오건영 저,페이지2,경제 경영
202311,162,비스킷,김선미 저,위즈덤하우스,청소년
202312,162,모비딕,허먼 멜빌 저/레이먼드 비숍 그림/이종인 역,현대지성,소설/시/희곡
202201,162,하이큐!! 컴플리트 일러스트레이션 북 끝과 시작,"후루다테 하루이치 글,그림",대원,만화/라이트노벨
202202,162,[예스리커버] 생각하라 그리고 부자가 되어라,나폴레온 힐 저/빌 하틀리 편/이한이 역,반니,자기계발
202203,162,보도 섀퍼의 돈,보도 섀퍼 저/이병서 역,에포케,자기계발
202402,163,초등 신문 읽기 환경·국제,양춘미 저,서사원주니어,어린이
202401,163,2024 권규호 수능형 공무원 모의고사 1,권규호 저,권규호언어연구실,수험서 자격증
202301,163,거꾸로 읽는 세계사,유시민 저,돌베개,역사
202302,163,임신 출산 육아 대백과,편집부 저,삼성출판사,가정 살림
202303,163,백년허리2 치료편,정선근 저,언탱글링,건강 취미
202304,163,최애의 아이 5,아카사카 아카 글/요코야리 멘고 그림,대원,만화/라이트노벨
202305,163,아비투스,도리스 메르틴 저/배명자 역,다산초당,인문
202306,163,팬 하나로 충분한 두 사람 식탁,국가비 저,달,가정 살림
202307,163,데미안,헤르만 헤세 저/전영애 역,민음사,소설/시/희곡
202308,163,EBS 왕초보영어 2023 (하편),EBS 저,한국교육방송공사,국어 외국어 사전
202309,163,시대예보: 핵개인의 시대,송길영 저,교보문고,경제 경영
202310,163,전설로 떠나는 월가의 영웅,"피터 린치,존 로스차일드 저/이건 역/홍진채 감수",국일증권경제연구소,경제 경영
202311,163,[예스리커버] 회복탄력성,김주환 저,위즈덤하우스,자기계발
202312,163,낭만 강아지 봉봉 5,홍민정 글/김무연 그림,다산어린이,어린이
202201,163,"개미 5년, 세후 55억",성현우 저,모루,경제 경영
202202,163,존 메이너드 케인스,재커리 D. 카터 저/김성아 역/홍춘욱 감수,로크미디어,경제 경영
202203,163,Do it! 점프 투 파이썬,박응용 저,이지스퍼블리싱,IT 모바일
202402,164,살인자의 쇼핑몰 2,강지영 저,자음과모음,소설/시/희곡
202401,164,만일 내가 인생을 다시 산다면 (35만 부 기념 스페셜 에디션),김혜남 저,메이븐,인문
202301,164,"돈, 뜨겁게 사랑하고 차갑게 다루어라",앙드레 코스톨라니 저/한윤진 역,미래의창,경제 경영
202302,164,자발적 방관육아,최은아 저,쌤앤파커스,가정 살림
202303,164,모든 것은 기본에서 시작한다,손웅정 저,수오서재,에서이
202304,164,한 번뿐인 인생은 어떻게 살아야 하는가,박찬위 저,하이스트,에서이
202305,164,흔한남매 12,흔한남매 원저/백난도 글/유난희 그림/흔한컴퍼니 감수,미래엔아이세움,어린이
202306,164,수박 수영장,"안녕달 글,그림",창비,유아
202307,164,사피엔스,유발 하라리 저/조현욱 역/이태수 감수,김영사,인문
202308,164,설민석의 한국사 대모험 25,"설민석,스토리박스 글/정현희 그림/강석화 감수",단꿈아이,어린이
202309,164,밥 프록터 부의 확신,밥 프록터 저/김문주 역,비즈니스북스,자기계발
202310,164,기분이 태도가 되지 말자,김수현 저,하이스트,에서이
202311,164,겨울 이불,안녕달 글그림,창비,유아
202312,164,산타는 어떻게 굴뚝을 내려갈까?,맥 바넷 글/존 클라센 그림/서남희 역,주니어RHK,유아
202201,164,성장주에 투자하라,이정윤 저,베가북스,경제 경영
202202,164,2022 문동균 한국사 문단속 적중 최종 병기 Final 모의고사,문동균 편저,에스티유니타스,수험서 자격증
202203,164,2022 고종훈 한국사 동형모의고사 시즌 1,고종훈 저,메가스터디교육(공무원),수험서 자격증
202402,165,2024 이동기 영어 실전동형 모의고사 Vol. 2,이동기 저,에스티유니타스,수험서 자격증
202401,165,일본어 무작정 따라하기 완전판,후지이아사리 저,길벗이지톡,국어 외국어 사전
202301,165,"어서 오세요, 휴남동 서점입니다",황보름 저,클레이하우스,소설/시/희곡
202302,165,[예스리커버] 생각하라 그리고 부자가 되어라,나폴레온 힐 저/빌 하틀리 편/이한이 역,반니,자기계발
202303,165,해커스 일본어 첫걸음 : 일본어 기초 20일 독학 완성!,해커스 일본어연구소 저,해커스어학연구소,국어 외국어 사전
202304,165,표류하는 세계,스콧 갤러웨이 저/이상미 역,리더스북,경제 경영
202305,165,사피엔스,유발 하라리 저/조현욱 역/이태수 감수,김영사,인문
202306,165,삐뽀삐뽀 119 이유식,하정훈 저,유니책방,가정 살림
202307,165,백년허리2 치료편,정선근 저,언탱글링,건강 취미
202308,165,백년허리1 진단편,정선근 저,언탱글링,건강 취미
202309,165,마씨 할머니의 달꿀 송편,권민조 글그림,호랑이꿈,유아
202310,165,Go Go 카카오프렌즈 자연탐사 5 북극,조주희 글/김정한 그림/김미영 기획,아울북,어린이
202311,165,인생투자,브라운스톤(우석) 저,오픈마인드,경제 경영
202312,165,국토박물관 순례 2,유홍준 저,창비,역사
202201,165,세상에서 가장 행복한 100세 노인,에디 제이쿠 저/홍현숙 역,동양북스(동양books),인문
202202,165,송사무장의 부동산 경매의 기술,송희창 저,지혜로,경제 경영
202203,165,우당탕탕 야옹이와 금빛 마법사,구도 노리코 글그림/윤수정 역,책읽는곰,어린이
202402,166,화산귀환 5 한정판,STUDIO LICO 글그림/비가 원저,에이템포미디어,만화/라이트노벨
202401,166,의학의 대가들,앤드루 램 저/서종민 역,상상스퀘어,건강 취미
202301,166,멘탈을 바꿔야 인생이 바뀐다,박세니 저,마인드셋(Mindset),자기계발
202302,166,이기적 유전자 The Selfish Gene,"리처드 도킨스 저/홍영남,이상임 공역",을유문화사,자연과학
202303,166,하얼빈,김훈 저,문학동네,소설/시/희곡
202304,166,챗GPT 교육혁명,"정제영,조현명,황재운,문명현,김인재 공저",포르체,인문
202305,166,타키 포오 코믹 어드벤처 2,캐릭온TV 원저/안도감 편/김규태 그림,대원씨아이(단행)(대원키즈),어린이
202306,166,동아 연세 초등 국어사전,연세대학교 언어정보개발 연구원 편,동아출판,국어 외국어 사전
202307,166,스파이 패밀리 Spy Family 11,엔도 타츠야 글그림,학산문화사,만화/라이트노벨
202308,166,퓨처 셀프,벤저민 하디 저/최은아 역,상상스퀘어,자기계발
202309,166,데뷔 못 하면 죽는 병 걸림 2부 초판 한정 굿즈박스 세트,백덕수 저,위시북스,소설/시/희곡
202310,166,읽으면서 바로 써먹는 어린이 세계사 퀴즈 1,한날 글그림,파란정원,어린이
202311,166,해커스 토익 RC 리딩(Reading),David Cho 저,해커스어학연구소,국어 외국어 사전
202312,166,파견자들,김초엽 저,퍼블리온,소설/시/희곡
202201,166,웹소설의 신,이낙준(한산이가) 저,비단숲,자기계발
202202,166,베이킹 하다 앳 홈,박정아 저,중앙북스(books),가정 살림
202203,166,2022 최신판 에듀윌 공기업 한국전력공사 NCS+전공 봉투모의고사 5+4회,에듀윌 취업연구소 저,에듀윌,수험서 자격증
202402,167,어린 왕자 오리지널 초판본,앙투안 드 생텍쥐페리 저/김수영 역,코너스톤(도서),소설/시/희곡
202401,167,가장 아끼는 너에게 주고 싶은 말,도연화 저,부크럼,에서이
202301,167,2023 이동기 영어 기적의 특강,이동기 편저,에스티유니타스,수험서 자격증
202302,167,별의 커비 디스커버리 1,"다카세 미에 글/가리노 타우,포토 그림/현승희 역",해피북스투유,어린이
202303,167,세계를 건너 너에게 갈게,이꽃님 저,문학동네,청소년
202304,167,부의 추월차선 위대한 탈출,엠제이 드마코 저,토트출판사,경제 경영
202305,167,꽃을 보듯 너를 본다,나태주 저,지혜,소설/시/희곡
202306,167,채권투자 처음공부,석동민 저,이레미디어,경제 경영
202307,167,흔한남매 별난 세계 여행 1,흔한남매 원저/박시연 글/정주연 그림/흔한컴퍼니 감수,미래엔아이세움,어린이
202308,167,아기 판다 푸바오,에버랜드 동물원 글그림,시공주니어,에서이
202309,167,브랜드 설계자,러셀 브런슨 저/홍경탁 역,윌북(willbook),경제 경영
202310,167,윤제성의 월가의 투자,"윤제성,김현석 공저",한국경제신문,경제 경영
202311,167,꽃을 보듯 너를 본다,나태주 저,지혜,소설/시/희곡
202312,167,어린 왕자 오리지널 초판본,앙투안 드 생텍쥐페리 저/김수영 역,코너스톤(도서),소설/시/희곡
202201,167,2022 시나공 컴퓨터활용능력 1급 실기,길벗알앤디 저,길벗,IT 모바일
202202,167,임포스터,리사 손 저,21세기북스,가정 살림
202203,167,헌팅턴비치에 가면 네가 있을까,이어령 저,열림원,소설/시/희곡
202402,168,손실 없는 투자원칙,남석관 저,모루,경제 경영
202401,168,2024 에듀윌 산업안전기사 필기 한권끝장 [이론편+기출문제편],최창률 저,에듀윌,수험서 자격증
202301,168,그대 늙어가는 것이 아니라 익어가는 것이다,오평선 저,포레스트북스,에서이
202302,168,해커스 보카 Hackers Vocabulary,David Cho 저,해커스어학연구소,국어 외국어 사전
202303,168,세컨드 브레인,티아고 포르테 저/서은경 역,쌤앤파커스,자기계발
202304,168,최애의 아이 6,아카사카 아카 글/요코야리 멘고 그림,대원,만화/라이트노벨
202305,168,임신 출산 육아 대백과,편집부 저,삼성출판사,가정 살림
202306,168,여학교의 별 3,"와야마 야마 글,그림/현승희 역",문학동네,만화/라이트노벨
202307,168,아는 만큼 보인다,유홍준 저,창비,역사
202308,168,"돈을 찍어내는 제왕, 연준",크리스토퍼 레너드 저/김승진 역,세종서적,경제 경영
202309,168,꽃을 보듯 너를 본다,나태주 저,지혜,소설/시/희곡
202310,168,미움받을 용기 (200만 부 기념 스페셜 에디션),"기시미 이치로,고가 후미타케 저/전경아 역/김정운 감수",인플루엔셜,인문
202311,168,과학을 보다,김범준 등저/김지원 그림,알파미디어,자연과학
202312,168,도파민네이션,애나 렘키 저/김두완 역,흐름출판,인문
202201,168,2022 에듀윌 한국사능력검정시험 2주끝장 심화,에듀윌 한국사교육연구소 편저,에듀윌,수험서 자격증
202202,168,1일 1로그 100일 완성 IT 지식,브라이언 W. 커니핸 저/하성창 역,인사이트(insight),IT 모바일
202203,168,나미야 잡화점의 기적,히가시노 게이고 저/양윤옥 역,현대문학,소설/시/희곡
202402,169,타키 포오 코믹 어드벤처 4,캐릭온TV 원저/안도감 글/김규태 그림,대원씨아이(단행)(대원키즈),어린이
202401,169,시작의 기술 (10만 부 기념 청룡 에디션),개리 비숍 저/이지연 역,웅진지식하우스,자기계발
202301,169,인간 실격,다자이 오사무 저/김춘미 역,민음사,소설/시/희곡
202302,169,"돈, 뜨겁게 사랑하고 차갑게 다루어라",앙드레 코스톨라니 저/한윤진 역,미래의창,경제 경영
202303,169,스즈키 바이올린 교본 1,편집부,세광음악출판사,예술
202304,169,마음을 사로잡는 말센스의 비밀,장차오 저/하은지 역,미디어숲,자기계발
202305,169,"거짓말이 뿡뿡, 고무장갑!",유설화 글그림,책읽는곰,유아
202306,169,아주 사적인 여행,양주안 저,알에이치코리아(RHK),에서이
202307,169,5번 레인,은소홀 글/노인경 그림,문학동네,어린이
202308,169,데미안,헤르만 헤세 저/전영애 역,민음사,소설/시/희곡
202309,169,마케팅 설계자,러셀 브런슨 저/이경식 역,윌북(willbook),경제 경영
202310,169,5번 레인,은소홀 글/노인경 그림,문학동네,어린이
202311,169,봄의 폭풍과 몬스터 2,미츠바치 미유키 글그림,학산문화사,만화/라이트노벨
202312,169,라디오 체조,오쿠다 히데오 저/이영미 역,은행나무,소설/시/희곡
202201,169,이상한 과자 가게 전천당 1,히로시마 레이코 글/쟈쟈 그림/김정화 역,길벗스쿨,어린이
202202,169,삐뽀삐뽀 119 이유식,하정훈 저,유니책방,가정 살림
202203,169,벌거벗은 세계사 : 인물편,tvN〈벌거벗은 세계사〉제작팀 저,교보문고,역사
202402,170,아주 세속적인 지혜,발타자르 그라시안 저/강정선 역,페이지2,자기계발
202401,170,28시간에 끝내는 토익스피킹 스타트,"황인기,시원스쿨어학연구소 저",시원스쿨닷컴,국어 외국어 사전
202301,170,2023 에듀윌 공인중개사 오시훈 키워드 암기장 부동산공법,오시훈 저,에듀윌,수험서 자격증
202302,170,타키 포오의 이세계 여행사 1,원작 캐릭온TV 원저/스튜디오 왓츠비 글그림,대원씨아이(단행)(대원키즈),어린이
202303,170,정세현의 통찰,정세현 저,푸른숲,사회 정치
202304,170,히카루가 죽은 여름 1,모쿠모쿠렌 글그림/송재희 역,디앤씨미디어(D&C미디어),만화/라이트노벨
202305,170,[예스리커버] 10배의 법칙,그랜트 카돈 저/최은아 역,부키,경제 경영
202306,170,고래,천명관 저,문학동네,소설/시/희곡
202307,170,[예스리커버] 생각하라 그리고 부자가 되어라,나폴레온 힐 저/빌 하틀리 편/이한이 역,반니,자기계발
202308,170,벤 버냉키의 21세기 통화 정책,벤 S. 버냉키 저,상상스퀘어,경제 경영
202309,170,하나님의 열심,박영선 저,무근검(남포교회출판부),종교
202310,170,기적의 초등어휘일력 365,하유정 저,빅피시,가정 살림
202311,170,내가 엄마들 모임에 안 나가는 이유,강빈맘 저,클레이하우스,자기계발
202312,170,마음의 지혜,김경일 저,포레스트북스,인문
202201,170,소수몽키의 한 권으로 끝내는 미국주식,소수몽키(홍승초) 저,길벗,경제 경영
202202,170,우리가 빛의 속도로 갈 수 없다면,김초엽 저,허블,소설/시/희곡
202203,170,튤립 사운드북 하늘이 세트,권오순 외 글/조화평 외 그림,스마트베어,유아
202402,171,2024 써니 행정법총론 실전동형 모의고사,박준철 편저,지금(도서출판),수험서 자격증
202401,171,하루 한장 초등 영어 파닉스+발음기호,이문필 저,키즈프렌즈,어린이
202301,171,"2022.2023 큰별쌤 최태성의 별별한국사 7일의 기적 한국사능력검정시험 심화(1, 2, 3급)",최태성 저,이투스북,수험서 자격증
202302,171,순간을 믿어요,이석원 저,을유문화사,에서이
202303,171,클루지,개리 마커스 저/최호영 역,갤리온,인문
202304,171,설민석의 세계사 대모험 16,"설민석,김정욱 글/박성일 그림/김장구 감수",단꿈아이,어린이
202305,171,백년허리1 진단편,정선근 저,언탱글링,건강 취미
202306,171,읽으면서 바로 써먹는 어린이 속담,한날 글그림,파란정원,어린이
202307,171,"2023·2024 큰별쌤 최태성의 별별한국사 7일의 기적 한국사능력검정시험 심화 (1,2,3급)",최태성 저,이투스북,수험서 자격증
202308,171,전지적 독자 시점 PART 4&5 : 굿즈키트 세트,싱숑 저,비채,소설/시/희곡
202309,171,아주 작은 습관의 힘,제임스 클리어 저/이한이 역,비즈니스북스,자기계발
202310,171,멘탈을 회복하는 연습,데이먼 자하리아데스 저/안솔비 역,서삼독,자기계발
202311,171,당신의 꿈은 우연이 아니다,"안토니오 자드라,로버트 스틱골드 공저/장혜인 역",추수밭,자연과학
202312,171,사랑에 관한 거의 모든 기술,김달 저,빅피시,에서이
202201,171,초등 사자소학,송재환 글/인호빵 그림,위즈덤하우스,어린이
202202,171,작은 것들을 위한 시 (리커버판),나태주 저,열림원,에서이
202203,171,어린이라는 세계,김소영 저,사계절,에서이
202402,172,던전밥 13,"쿠이 료코 글,그림/김민재 역",소미미디어,만화/라이트노벨
202401,172,완전 배출,조승우 저,사이몬북스,건강 취미
202301,172,1학년 시계 달력,하유정 글/김희선 그림,한빛에듀,유아
202302,172,인생의 역사,신형철 저,난다,에서이
202303,172,2023 수제비 정보처리기사 실기 1권+2권 합본세트,NCS 정보처리기술사 연구회 저,건기원,IT 모바일
202304,172,최애의 아이 7,아카사카 아카 글/요코야리 멘고 그림,대원,만화/라이트노벨
202305,172,[예스리커버] 생각하라 그리고 부자가 되어라,나폴레온 힐 저/빌 하틀리 편/이한이 역,반니,자기계발
202306,172,작별의 건너편,시미즈 하루키 저/김지연 역,모모,소설/시/희곡
202307,172,회색 인간,김동식 저,요다,소설/시/희곡
202308,172,거인의 노트,김익한 저,다산북스,자기계발
202309,172,[예스리커버] 아기 판다 푸바오,에버랜드 동물원 글그림,시공주니어,에서이
202310,172,나뭇잎을 찾으면,에이미 시쿠로 글그림/서남희 역,FIKAJUNIOR(피카주니어),유아
202311,172,NEW 미꽃체 손글씨 노트,최현미(미꽃) 저,시원북스,건강 취미
202312,172,이서윤쌤의 초등한자어휘 일력,이서윤 글/오우성 그림,메가스터디북스,가정 살림
202201,172,송사무장의 부동산 경매의 기술,송희창 저,지혜로,경제 경영
202202,172,"총, 균, 쇠",재레드 다이아몬드 저/김진준 역,문학사상,사회 정치
202203,172,2022 해커스 GSAT 삼성직무적성검사 통합 기본서 최신기출유형+실전모의고사,해커스 취업교육연구소 저,챔프스터디,수험서 자격증
202402,173,그리스 로마 신화 37,박시연 글/최우빈 그림/김헌 감수,아울북,어린이
202401,173,흔한남매 14,흔한남매 원저/백난도 글/유난희 그림/흔한컴퍼니 감수,미래엔아이세움,어린이
202301,173,당신이 옳다,정혜신 저,해냄,인문
202302,173,스즈메의 문단속,신카이 마코토 저/민경욱 역,대원씨아이(단행)(대원키즈),소설/시/희곡
202303,173,죽이고 싶은 아이,이꽃님 저,우리학교,청소년
202304,173,리바운드 대본집,"권성휘,김은희,장항준 공저",빚은책들,예술
202305,173,생기부 필독서 100,"주경아,정재화,방희조,이재환,이현규 저",센시오,청소년
202306,173,오싹오싹 편의점,김영진 글그림,책읽는곰,유아
202307,173,흔한남매 과학 탐험대 7 생물 1,"흔한남매 원저/김언정,이현진 글/김덕영 그림/정현철,김희목,권경아,최진수 기획/권경아 감수",주니어김영사,어린이
202308,173,일이란 무엇인가,고동진 저,민음사,자기계발
202309,173,전지적 독자 시점 PART 4&5 : 굿즈키트 세트,싱숑 저,비채,소설/시/희곡
202310,173,삐뽀삐뽀 119 이유식,하정훈 저,유니책방,가정 살림
202311,173,위풍당당 여우 꼬리 4,손원평 글/만물상 그림,창비,어린이
202312,173,바다가 들리는 편의점 합본 (겨울 한정판 에디션),마치다 소노코 저/황국영 역,모모,소설/시/희곡
202201,173,해커스 보카 Hackers Vocabulary,David Cho 저,해커스어학연구소,국어 외국어 사전
202202,173,지박소년 하나코 군 16 (특장판),"AidaIro 글,그림/장혜영 역",서울미디어코믹스(서울문화사),만화/라이트노벨
202203,173,주식투자 절대 원칙,박영옥 저,센시오,경제 경영
202402,174,2024 이기적 컴퓨터활용능력 2급 필기 기본서,"홍태성,영진정보연구소 공저",영진닷컴,IT 모바일
202401,174,해커스 여행일본어 10분의 기적,해커스 일본어연구소 저,해커스어학연구소,국어 외국어 사전
202301,174,아파트 투자는 사이클이다,이현철 저,여의도책방,경제 경영
202302,174,마음의 법칙,"폴커 키츠,마누엘 투쉬 공저/김희상 역",포레스트북스,인문
202303,174,달러구트 꿈 백화점,이미예 저,팩토리나인,소설/시/희곡
202304,174,해커스 GSAT 삼성직무적성검사 실전모의고사 8회분,해커스 취업교육연구소 저,챔프스터디,수험서 자격증
202305,174,건전지 엄마,"강인숙,전승배 글그림",창비,유아
202306,174,기도는 사라지지 않는다,최상훈 저,규장,종교
202307,174,백년운동,정선근 저,아티잔,건강 취미
202308,174,미래엔 중학교 국어 2-2 평가문제집 (신유식) 중2,신유식,미래엔,전집
202309,174,오늘은 아무래도 덮밥,이마이 료 저/이진숙 역,참돌,가정 살림
202310,174,가장 아끼는 너에게 주고 싶은 말,도연화 저,부크럼,에서이
202311,174,전설로 떠나는 월가의 영웅,"피터 린치,존 로스차일드 저/이건 역/홍진채 감수",국일증권경제연구소,경제 경영
202312,174,극락가 1,사노 유토 글그림,대원,만화/라이트노벨
202201,174,부의 추월차선,엠제이 드마코 저/신소영 역,토트출판사,경제 경영
202202,174,마음챙김의 시,류시화 편,수오서재,소설/시/희곡
202203,174,문학을 열다 세트,김유정 등저/에토프 그림,스푼북,청소년
202402,175,마음 지구력,윤홍균 저,21세기북스,자기계발
202401,175,ETS 토익 정기시험 기출입문서 RC 리딩,ETS 저,YBM(와이비엠),국어 외국어 사전
202301,175,데미안,헤르만 헤세 저/전영애 역,민음사,소설/시/희곡
202302,175,희망의 끈,히가시노 게이고 저/김난주 역,재인,소설/시/희곡
202303,175,슬램덩크 챔프,이노우에 타케히코 글그림,대원,만화/라이트노벨
202304,175,[예스리커버] 10배의 법칙,그랜트 카돈 저/최은아 역,부키,경제 경영
202305,175,슬램덩크 신장재편판 15,"이노우에 타케히코 글,그림",대원,만화/라이트노벨
202306,175,"못 말리게 시끄럽고, 참을 수 없이 웃긴 철학책",스콧 허쇼비츠 저/안진이 역,어크로스,인문
202307,175,사랑을 담아,에이미 블룸 저/신혜빈 역,문학동네,에서이
202308,175,읽으면서 바로 써먹는 어린이 세계사 퀴즈 1,한날 글그림,파란정원,어린이
202309,175,2023 박문각 공인중개사 최성진 최종요약서 2차 부동산공법,최성진 편저,박문각,수험서 자격증
202310,175,당신은 결국 무엇이든 해내는 사람,김상현 저,필름,에서이
202311,175,국토박물관 순례 2,유홍준 저,창비,역사
202312,175,그리스 로마 신화 36,박시연 글/최우빈 그림/김헌 감수,아울북,어린이
202201,175,흔한남매 과학 탐험대 3 인체,"흔한남매 원저/이재국,이현진,서지은 글/김덕영 그림/정현철,김희목,권경아,최진수 기획/권경아 감수",주니어김영사,어린이
202202,175,조인계획,히가시노 게이고 저/양윤옥 역,현대문학,소설/시/희곡
202203,175,소년이 온다,한강 저,창비,소설/시/희곡
202402,176,2024 심우철 실전 동형 모의고사 Season 1,심우철 저,심슨북스,수험서 자격증
202401,176,2024 이지패스 ADsP 데이터분석 준전문가,"전용문,박현민 공저",위키북스,IT 모바일
202301,176,2023 에듀윌 공인중개사 임선정 합격서 공인중개사법령 및 중개실무,임선정 저,에듀윌,수험서 자격증
202302,176,내가 죽기로 결심한 것은 4,YUJU 글그림,네이버웹툰유한회사,만화/라이트노벨
202303,176,히카루가 죽은 여름 1,모쿠모쿠렌 글그림/송재희 역,디앤씨미디어(D&C미디어),만화/라이트노벨
202304,176,부동산 절세 무작정 따라하기,박민수(제네시스박) 저,길벗,경제 경영
202305,176,나는 3학년 2반 7번 애벌레,김원아 글/이주희 그림,창비,어린이
202306,176,실전 매수매도 기법,김영옥 저,이레미디어,경제 경영
202307,176,풍수전쟁,김진명 저,이타북스,소설/시/희곡
202308,176,[예스리커버] 사이토 히토리의 1퍼센트 부자의 법칙,사이토 히토리 저,나비스쿨(NAVI SCHOOL),자기계발
202309,176,오펜하이머 각본집,크리스토퍼 놀란 저,허블,예술
202310,176,우리 마을에는 100명이 살아요,이승민 글/민키 그림,풀과바람,유아
202311,176,1일 1페이지 영어 어원 365,김동섭 저,현대지성,인문
202312,176,과학을 보다,김범준 등저/김지원 그림,알파미디어,자연과학
202201,176,나는 짧게 일하고 길게 번다,레이철 리처즈 저/최지희 역,토네이도,경제 경영
202202,176,돈이 되는 메타버스,"최원희,송찬우,김재혁 저",포레스트북스,경제 경영
202203,176,지적 대화를 위한 넓고 얕은 지식 1,채사장 저,웨일북,인문
202402,177,히든 포텐셜,애덤 그랜트 저/홍지수 역,한국경제신문,자기계발
202401,177,2024 에듀윌 공인중개사 신대운 합격서 쉬운 민법체계도,신대운 편저,에듀윌,수험서 자격증
202301,177,해커스 토익 스타트 RC Reading (리딩),David Cho 저,해커스어학연구소,국어 외국어 사전
202302,177,원래 어른이 이렇게 힘든 건가요,김종원 저,마인드셋(Mindset),인문
202303,177,2023 이유진 국어 필사즉생 모의고사 백일기도 3 - 독해강화,"이유진,최형우 편저",고시동네,수험서 자격증
202304,177,푸른 사자 와니니,이현 글/오윤화 그림,창비,어린이
202305,177,5년 후 나에게 Q&A a day (2024 판타지아 Edition),포터 스타일 저/정지현 역,토네이도,자기계발
202306,177,백앤아 2,백앤아 원저/주눅 글/돌만 그림,샌드박스스토리 키즈,어린이
202307,177,초수익 성장주 투자,마크 미너비니 저/김태훈 역/김대현 감수,이레미디어,경제 경영
202308,177,아비투스,도리스 메르틴 저/배명자 역,다산초당,인문
202309,177,돈의 심리학 (30만 부 기념 스페셜 에디션),모건 하우절 저/이지연 역,인플루엔셜,경제 경영
202310,177,2023 하반기 해커스 GSAT 삼성직무적성검사 FINAL 봉투모의고사 5회분,해커스 GSAT 취업교육연구소 저,해커스잡,수험서 자격증
202311,177,꽃은 무죄다,이성윤 저,아마존의나비,에서이
202312,177,세계를 건너 너에게 갈게,이꽃님 저,문학동네,청소년
202201,177,모래알만 한 진실이라도,박완서 저,세계사,에서이
202202,177,권력의 심리학,브라이언 클라스 저/서종민 역,웅진지식하우스,인문
202203,177,아들의 뇌,곽윤정 저,포레스트북스,가정 살림
202402,178,불편한 편의점 2,김호연 저,나무옆의자,소설/시/희곡
202401,178,긴긴밤,"루리 글,그림",문학동네,어린이
202301,178,달러구트 꿈 백화점 2,이미예 저,팩토리나인,소설/시/희곡
202302,178,"어서 오세요, 휴남동 서점입니다",황보름 저,클레이하우스,소설/시/희곡
202303,178,회사는 엑셀을 가르쳐주지 않아요,쏘피(박성희) 저,메가스터디북스,IT 모바일
202304,178,나의 히어로 아카데미아 37 일반판,"호리코시 코헤이 글,그림/오경화 역",서울미디어코믹스(서울문화사),만화/라이트노벨
202305,178,허브 코헨의 협상의 기술 1,허브 코헨 저/양진성 역,김영사,자기계발
202306,178,아비투스,도리스 메르틴 저/배명자 역,다산초당,인문
202307,178,연수,장류진 저,창비,소설/시/희곡
202308,178,순례 주택,유은실 저,비룡소,청소년
202309,178,세계를 건너 너에게 갈게,이꽃님 저,문학동네,청소년
202310,178,바다가 들리는 편의점 2,마치다 소노코 저/황국영 역,모모,소설/시/희곡
202311,178,누구에게나 계획은 있다,피터 홀린스 저/솝희 역,한빛비즈,자기계발
202312,178,해커스 토익 LC 리스닝(Listening),David Cho 저,해커스어학연구소,국어 외국어 사전
202201,178,어린이를 위한 초등 매일 글쓰기의 힘 : 생각글쓰기,이은경 저,상상아카데미,가정 살림
202202,178,호호호,윤가은 저,마음산책,에서이
202203,178,천 개의 파랑,천선란 저,허블,소설/시/희곡
202402,179,마케팅 설계자,러셀 브런슨 저/이경식 역,윌북(willbook),경제 경영
202401,179,해커스톡 여행영어 10분의 기적,해커스어학연구소 저,해커스어학연구소,국어 외국어 사전
202301,179,사라진 소녀들의 숲,허주은 저/유혜인 역,미디어창비,소설/시/희곡
202302,179,내가 죽기로 결심한 것은 3,YUJU 글그림,네이버웹툰유한회사,만화/라이트노벨
202303,179,ETS 토익 단기공략 750+ (LC+RC),ETS 저,YBM(와이비엠),국어 외국어 사전
202304,179,흔한남매 12,흔한남매 원저/백난도 글/유난희 그림/흔한컴퍼니 감수,미래엔아이세움,어린이
202305,179,슬램덩크 신장재편판 2,"이노우에 타케히코 글,그림",대원,만화/라이트노벨
202306,179,K 배터리 레볼루션,박순혁 저,지와인,경제 경영
202307,179,나의 돈 많은 고등학교 친구,송희구 저,서삼독,자기계발
202308,179,체리새우 : 비밀글입니다,황영미 저,문학동네,청소년
202309,179,데미안,헤르만 헤세 저/전영애 역,민음사,소설/시/희곡
202310,179,데미안,헤르만 헤세 저/전영애 역,민음사,소설/시/희곡
202311,179,연인 대본집 3,황진영 저,김영사,예술
202312,179,최적의 공부 뇌,이케가야 유지 저/하현성 역,포레스트북스,청소년
202201,179,1984,조지 오웰 저/정회성 역,민음사,소설/시/희곡
202202,179,해커스 토익 RC Reading (리딩),David Cho 저,해커스어학연구소,국어 외국어 사전
202203,179,파리에서 도시락을 파는 여자,켈리 최 저,다산북스,자기계발
202402,180,데미안,헤르만 헤세 저/전영애 역,민음사,소설/시/희곡
202401,180,ETS 토익 정기시험 기출문제집 1000 Vol.3 READING 리딩,ETS 저,YBM(와이비엠),국어 외국어 사전
202301,180,엄마의 말 연습,윤지영 저,카시오페아,가정 살림
202302,180,안젤리크,기욤 뮈소 저/양영란 역,밝은세상,소설/시/희곡
202303,180,흔한남매의 흔한 호기심 8,"흔한남매 원저/안치현 글/유난희 그림/이정모,흔한컴퍼니 감수",미래엔아이세움,어린이
202304,180,최애의 아이 8,아카사카 아카 글/요코야리 멘고 그림,대원,만화/라이트노벨
202305,180,슬램덩크 신장재편판 1,"이노우에 타케히코 글,그림",대원,만화/라이트노벨
202306,180,연수,장류진 저,창비,소설/시/희곡
202307,180,주식투자 최적의 타이밍을 잡는 법,스탠 와인스타인 저/우승택 역,플로우,경제 경영
202308,180,ETS 토익 단기공략 750+ (LC+RC),ETS 저,YBM(와이비엠),국어 외국어 사전
202309,180,2023 박문각 공인중개사 정지웅 최종요약서 2차 공인중개사법·중개실무,정지웅 편저,박문각,수험서 자격증
202310,180,거인의 노트,김익한 저,다산북스,자기계발
202311,180,연인 대본집 1,황진영 저,김영사,예술
202312,180,해커스 보카 Hackers Vocabulary,David Cho 저,해커스어학연구소,국어 외국어 사전
202201,180,럭키,김도윤 저,북로망스,자기계발
202202,180,EBS 당신의 문해력,EBS 당신의 문해력 제작팀 기획/김윤정 글,EBS BOOKS,가정 살림
202203,180,해커스 토익 RC Reading (리딩),David Cho 저,해커스어학연구소,국어 외국어 사전
202402,181,한국 도시의 미래,김시덕 저,포레스트북스,경제 경영
202401,181,"2023·2024 큰별쌤 최태성의 별별한국사 7일의 기적 한국사능력검정시험 심화 (1,2,3급)",최태성 저,이투스북,수험서 자격증
202301,181,이과형의 만만한 과학책,이과형(유우종) 저,토네이도,자연과학
202302,181,웰씽킹 WEALTHINKING,켈리 최 저,다산북스,자기계발
202303,181,타키 포오의 이세계 여행사 1,원작 캐릭온TV 원저/스튜디오 왓츠비 글그림,대원씨아이(단행)(대원키즈),어린이
202304,181,"나태주, 시간의 쉼표",나태주 글그림,서울문화사,소설/시/희곡
202305,181,나의 봄날인 너에게,여수언니(정혜영) 저,놀,에서이
202306,181,이걸 내 마음이라고 하자,황인찬 저,문학동네,소설/시/희곡
202307,181,김영하의 세계문학 원정대 1,김난영 글/박성일 그림/김영하 기획,주니어김영사,어린이
202308,181,놓지 마 과학! 18,신태훈 글/나승훈 그림,위즈덤하우스,어린이
202309,181,2023 박문각 공인중개사 박윤모 최종요약서 2차 부동산공시법령,박윤모 편저,박문각,수험서 자격증
202310,181,죄와 벌,이동재 저,지우LNB(지우출판),사회 정치
202311,181,세계를 건너 너에게 갈게,이꽃님 저,문학동네,청소년
202312,181,그대 늙어가는 것이 아니라 익어가는 것이다,오평선 저,포레스트북스,에서이
202201,181,경매 권리분석 이렇게 쉬웠어?,박희철(파이팅팔콘) 저/송희창 감수,지혜로,경제 경영
202202,181,금리와 환율 알고 갑시다,김영익 저,위너스북,경제 경영
202203,181,좋은지 나쁜지 누가 아는가,류시화 저,더숲,에서이
202402,182,참을 수 없는 존재의 가벼움,밀란 쿤데라 저/이재룡 역,민음사,소설/시/희곡
202401,182,잘했고 잘하고 있고 잘 될 것이다 (스페셜 리미티드 에디션),정영욱 저,부크럼,에서이
202301,182,2023 시나공 정보처리기사 필기,"길벗알앤디,김정준 공저",길벗,IT 모바일
202302,182,"뇌, 욕망의 비밀을 풀다",한스-게오르크 호이젤 저/강영옥 등역,비즈니스북스,경제 경영
202303,182,작별인사,김영하 저,복복서가,소설/시/희곡
202304,182,"총, 균, 쇠",재레드 다이아몬드 저/김진준 역,문학사상,사회 정치
202305,182,체리새우 : 비밀글입니다,황영미 저,문학동네,청소년
202306,182,백년허리1 진단편,정선근 저,언탱글링,건강 취미
202307,182,2023 STIMA 면접 지방직 (1),스티마 편저,혜음,수험서 자격증
202308,182,2023 에듀윌 공인중개사 1차 단원별 기출문제집,"이영방,심정욱 편저",에듀윌,수험서 자격증
202309,182,ETS 토익 단기공략 750+ (LC+RC),ETS 저,YBM(와이비엠),국어 외국어 사전
202310,182,자연에 이름 붙이기,캐럴 계숙 윤 저/정지인 역,윌북(willbook),자연과학
202311,182,읽으면서 바로 써먹는 어린이 세계사 퀴즈 2,한날 글그림,파란정원,어린이
202312,182,달러 투자 무작정 따라하기,박성현 저,길벗,경제 경영
202201,182,도쿄 리벤저스 20,와쿠이 켄 글그림,학산문화사,만화/라이트노벨
202202,182,나는 짧게 일하고 길게 번다,레이철 리처즈 저/최지희 역,토네이도,경제 경영
202203,182,5번 레인,은소홀 글/노인경 그림,문학동네,어린이
202402,183,일본어 무작정 따라하기 완전판,후지이아사리 저,길벗이지톡,국어 외국어 사전
202401,183,2024 수제비 정보처리기사 필기 1권+2권 합본세트,"윤영빈,서용욱,김학배,박인상 저",건기원,IT 모바일
202301,183,명탐정 코난 102,"Aoyama Gosho 글,그림",서울미디어코믹스(서울문화사),만화/라이트노벨
202302,183,2023 ADsP 데이터 분석 준전문가,윤종식 저,데이터에듀,IT 모바일
202303,183,이토록 평범한 미래,김연수 저,문학동네,소설/시/희곡
202304,183,세계를 건너 너에게 갈게,이꽃님 저,문학동네,청소년
202305,183,금강경 마음공부,페이융 저/허유영 역,유노북스,인문
202306,183,히카루가 죽은 여름 2 특장판,모쿠모쿠렌 글그림/송재희 역,디앤씨미디어(D&C미디어),만화/라이트노벨
202307,183,돈은 좋지만 재테크는 겁나는 너에게,뿅글이 저,황금부엉이,경제 경영
202308,183,다이어트 사이언스 2022,최겸 저,린체인저스,건강 취미
202309,183,마음이 아니라 뇌가 불안한 겁니다,다니엘 G. 에이멘 저/이은경 역,위즈덤하우스,인문
202310,183,흔한남매 과학 탐험대 8 생물 2,"흔한남매 원저/김언정,이현진 글/김덕영 그림/정현철,김희목,권경아,최진수 기획/권경아 감수",주니어김영사,어린이
202311,183,연인 대본집 2,황진영 저,김영사,예술
202312,183,"나태주, 지금의 안부",나태주 저,북폴리오,소설/시/희곡
202201,183,2022 에듀윌 공인중개사 부동산공법 체계도,김희상 편저,에듀윌,수험서 자격증
202202,183,하루를 48시간으로 사는 마법,이재은 저,비즈니스북스,자기계발
202203,183,혼공하는 아이들,이상학(해피이선생) 글/이갑규 그림,한경키즈(한국경제신문),어린이
202402,184,SKY 로드맵,이병훈 저,쌤앤파커스,가정 살림
202401,184,임신 출산 육아 대백과 최신개정판,편집부 저,삼성출판사,가정 살림
202301,184,배터리 전쟁,루카스 베르나르스키 저/안혜림 역,위즈덤하우스,경제 경영
202302,184,[예스리커버] 어른의 문해력,김선영 저,블랙피쉬,인문
202303,184,[예스리커버] 조선 미술관,탁현규 저,블랙피쉬,예술
202304,184,고양이 해결사 깜냥 2,홍민정 글/김재희 그림,창비,어린이
202305,184,슬램덩크 신장재편판 6,"이노우에 타케히코 글,그림",대원,만화/라이트노벨
202306,184,나도 상처 받지 않고 친구도 상처 받지 않는 말하기 연습,강승임 글/김규정 그림,위즈덤하우스,어린이
202307,184,임신 출산 육아 대백과,편집부 저,삼성출판사,가정 살림
202308,184,매우 예민한 사람들을 위한 상담소,전홍진 저,한겨레출판,인문
202309,184,흔한남매 13,흔한남매 원저/백난도 글/유난희 그림/흔한컴퍼니 감수,미래엔아이세움,어린이
202310,184,부의 삼각형,그릿 권은진 저,북스고,경제 경영
202311,184,설민석의 한국사 대모험 26,"설민석,스토리박스 글/정현희 그림/강석화 감수",단꿈아이,어린이
202312,184,2024 이기적 컴퓨터활용능력 2급 필기 기본서,"홍태성,영진정보연구소 공저",영진닷컴,IT 모바일
202201,184,므레모사,김초엽 저,현대문학,소설/시/희곡
202202,184,ETS 토익 단기공략 750+ (LC+RC),ETS 저,YBM(와이비엠),국어 외국어 사전
202203,184,2022 써니 행정법총론 단원별 모의고사,박준철 편저,에스티유니타스,수험서 자격증
202402,185,이은경쌤의 사자성어 속담 일력 365,이은경 저,포레스트북스,가정 살림
202401,185,ETS 토익 정기시험 기출입문서 LC 리스닝,ETS 저,YBM(와이비엠),국어 외국어 사전
202301,185,시간이 있었으면 좋겠다,김신지 저,잠비,에서이
202302,185,얼굴만으론 좋아할 수 없어요 6 일반판,"안자이 카린 글,그림/이소연 역",서울미디어코믹스(서울문화사),만화/라이트노벨
202303,185,챗GPT에게 묻는 인류의 미래,"김대식,챗GPT 저",동아시아,경제 경영
202304,185,스킵과 로퍼 3,타카마츠 미사키 글그림/신혜선 역,YNKMEDIA,만화/라이트노벨
202305,185,슬램덩크 신장재편판 19,"이노우에 타케히코 글,그림",대원,만화/라이트노벨
202306,185,한 권으로 끝내는 해커스 토익 실전 LC+RC (모의고사+해설집),해커스 어학연구소 저,해커스어학연구소,국어 외국어 사전
202307,185,2023 에듀윌 공인중개사 1차 단원별 기출문제집,"이영방,심정욱 편저",에듀윌,수험서 자격증
202308,185,클루지 (kluge),개리 마커스 저/최호영 역,갤리온,인문
202309,185,유연함의 힘,수잔 애쉬포드 저/김정혜 역,상상스퀘어,자기계발
202310,185,여행 일본어 무작정 따라하기 2023 - 2024,센님(정세영) 저,길벗이지톡,국어 외국어 사전
202311,185,한석준의 말하기 수업,한석준 저,인플루엔셜,자기계발
202312,185,타키 포오 얼렁뚱땅 상식스쿨 2,캐릭온TV 원저/김언정 글/조수현 그림/정효해 감수,대원씨아이(단행)(대원키즈),어린이
202201,185,마음챙김의 시,류시화 편,수오서재,소설/시/희곡
202202,185,마인드셋,캐럴 드웩 저/김준수 역,스몰빅라이프,자기계발
202203,185,설민석의 한국사 대모험 18,"설민석,스토리박스 글/정현희 그림/강석화 감수",아이휴먼,어린이
202402,186,그릿 (50만 부 판매 기념 리커버 골드에디션),앤절라 더크워스 저/김미정 역,비즈니스북스,자기계발
202401,186,정재승의 인간 탐구 보고서 13,"정재승 기획/정재은,이고은 글/김현민 그림",아울북,어린이
202301,186,미움받을 용기 (200만 부 기념 스페셜 에디션),"기시미 이치로,고가 후미타케 저/전경아 역/김정운 감수",인플루엔셜,인문
202302,186,2023 선재국어 나침판 기출 변형 모의고사,이선재 편저,에스티유니타스,수험서 자격증
202303,186,세상에서 가장 쉬운 본질육아,지나영,21세기북스,가정 살림
202304,186,참을 수 없는 존재의 가벼움,밀란 쿤데라 저/이재룡 역,민음사,소설/시/희곡
202305,186,슬램덩크 신장재편판 20,"이노우에 타케히코 글,그림",대원,만화/라이트노벨
202306,186,2023 선재국어 군무원 대비 실전 봉투 모의고사,이선재 편저,에스티유니타스,수험서 자격증
202307,186,"딸아, 돈 공부 절대 미루지 마라",박소연 저,메이븐,자기계발
202308,186,조선이 만난 아인슈타인,민태기 저,위즈덤하우스,자연과학
202309,186,[예스리커버] 생각하라 그리고 부자가 되어라,나폴레온 힐 저/빌 하틀리 편/이한이 역,반니,자기계발
202310,186,주술회전 23 일반판,아쿠타미 게게 글그림/이정운 역,서울미디어코믹스(서울문화사),만화/라이트노벨
202311,186,행복한 철학자,우애령 저/엄유진 그림,하늘재,에서이
202312,186,디케의 눈물,조국 저,다산북스,사회 정치
202201,186,2022 심우철 실전 동형 모의고사 Season I,심우철 저,심슨북스,수험서 자격증
202202,186,지적 대화를 위한 넓고 얕은 지식 1,채사장 저,웨일북,인문
202203,186,울다가 웃었다,김영철 저,김영사,에서이
202402,187,완전 배출,조승우 저,사이몬북스,건강 취미
202401,187,나에게 들려주는 예쁜 말,김종원 글/나래 그림,상상아이,어린이
202301,187,임신 출산 육아 대백과,편집부 저,삼성출판사,가정 살림
202302,187,홈 스위트 홈,"최진영.김기태,박서련,서성란,이장욱,최은미 저",문학사상,소설/시/희곡
202303,187,미드나잇 라이브러리,매트 헤이그 저/노진선 역,인플루엔셜,소설/시/희곡
202304,187,환상서점,소서림 저,해피북스투유,소설/시/희곡
202305,187,슬램덩크 신장재편판 4,"이노우에 타케히코 글,그림",대원,만화/라이트노벨
202306,187,상처 주는 말 하는 친구에게 똑똑하게 말하는 법,김윤나 글/유영근 그림,북라이프,어린이
202307,187,히카루가 죽은 여름 2 특장판,모쿠모쿠렌 글그림/송재희 역,디앤씨미디어(D&C미디어),만화/라이트노벨
202308,187,거래량으로 투자하라,버프 도르마이어 저/신가을 역,이레미디어,경제 경영
202309,187,발명코믹북 무한의 계단 1,임우영 글/양선모 그림,서울문화사,어린이
202310,187,더 플로,안유화 저,경이로움,경제 경영
202311,187,오직 나를 위한 미술관,정여울 저,웅진지식하우스,예술
202312,187,나의 히어로 아카데미아 39 더블특전판,"호리코시 코헤이 글,그림/오경화 역",서울미디어코믹스(서울문화사),만화/라이트노벨
202201,187,왜 아가리로만 할까?,"박정한,이상목,이수창 공저",들녘,에서이
202202,187,나미야 잡화점의 기적,히가시노 게이고 저/양윤옥 역,현대문학,소설/시/희곡
202203,187,메타버스 2,김상균 저,플랜비디자인,경제 경영
202402,188,회사는 엑셀을 가르쳐주지 않아요,쏘피(박성희) 저,메가스터디북스,IT 모바일
202401,188,해커스 일본어 첫걸음 히라가나 가타카나 쓰기노트,해커스 일본어연구소 저,해커스어학연구소,국어 외국어 사전
202301,188,랑랑 형제 떡집,김리리 글/김이랑 그림,비룡소,어린이
202302,188,해커스 토익 실전 1000제 1 RC Reading (리딩) 문제집,해커스 어학연구소 저,해커스어학연구소,국어 외국어 사전
202303,188,아주 작은 습관의 힘,제임스 클리어 저/이한이 역,비즈니스북스,자기계발
202304,188,읽으면서 바로 써먹는 어린이 맞춤법 행성,한날 글그림,파란정원,어린이
202305,188,만화 나 혼자만 레벨업 8,장성락(REDICE STUDIO) 글그림/추공 원저,디앤씨웹툰비즈,만화/라이트노벨
202306,188,리얼리티 트랜서핑 2,바딤 젤란드 저/박인수 역,정신세계사,자기계발
202307,188,"오늘 밤, 세계에서 이 사랑이 사라진다 해도",이치조 미사키 저/권영주 역,모모,소설/시/희곡
202308,188,나를 지키는 관계가 먼저입니다,안젤라 센 저,쌤앤파커스,자기계발
202309,188,당신은 결국 무엇이든 해내는 사람,김상현 저,필름,에서이
202310,188,김미경의 마흔 수업,김미경 저,어웨이크북스,자기계발
202311,188,백년허리2 치료편,정선근 저,언탱글링,건강 취미
202312,188,휘뚜루는 1학년,윤정 글/모로 그림,책읽는곰,어린이
202201,188,정의란 무엇인가,마이클 샌델 저/김선욱 감수/김명철 역,와이즈베리,사회 정치
202202,188,역사의 쓸모,최태성 저,다산초당,역사
202203,188,경매 권리분석 이렇게 쉬웠어?,박희철(파이팅팔콘) 저/송희창 감수,지혜로,경제 경영
202402,189,2024 에듀윌 공인중개사 임선정 합격서 공인중개사법령 및 중개실무,임선정 저,에듀윌,수험서 자격증
202401,189,예의 없는 친구들을 대하는 슬기로운 말하기 사전 2,김원아 글/김소희 그림,사계절,어린이
202301,189,노르웨이처럼 투자하라,클레멘스 봄스도르프 저/김세나 역,미래의창,경제 경영
202302,189,미움받을 용기 (200만 부 기념 스페셜 에디션),"기시미 이치로,고가 후미타케 저/전경아 역/김정운 감수",인플루엔셜,인문
202303,189,타키 포오 코믹 어드벤처 1,캐릭온TV 원저/안도감 편/김규태 그림,대원씨아이(단행)(대원키즈),어린이
202304,189,해커스 토익 RC 리딩(Reading),David Cho 저,해커스어학연구소,국어 외국어 사전
202305,189,슬램덩크 신장재편판 5,"이노우에 타케히코 글,그림",대원,만화/라이트노벨
202306,189,똥볶이 할멈 5,강효미 글/김무연 그림,슈크림북,어린이
202307,189,블랙 쉽,브랜트 멘스워 저/최이현 역,필름,자기계발
202308,189,2024 유휘운 행정법총론 요약노트+기출문제 (요플),유휘운 저,메가스터디교육(공무원),수험서 자격증
202309,189,만화 나 혼자만 레벨업 9,장성락(REDICE STUDIO) 글그림/추공 원저,디앤씨웹툰비즈,만화/라이트노벨
202310,189,타키 포오의 이세계 여행사 4,원작 캐릭온TV 원저/송도수 글/이지운 그림,대원씨아이(단행)(대원키즈),어린이
202311,189,데미안,헤르만 헤세 저/전영애 역,민음사,소설/시/희곡
202312,189,봇치·더·록! 6,하마지 아키 글그림,대원,만화/라이트노벨
202201,189,해커스 토익 LC Listening (리스닝),David Cho 저,해커스어학연구소,국어 외국어 사전
202202,189,EBS 왕초보영어 여행편,EBS 저,한국교육방송공사,국어 외국어 사전
202203,189,엔드 오브 타임,브라이언 그린 저/박병철 역,와이즈베리,자연과학
202402,190,미움받을 용기 (200만 부 기념 스페셜 에디션),"기시미 이치로,고가 후미타케 저/전경아 역/김정운 감수",인플루엔셜,인문
202401,190,빨간내복야코 2,빨간내복야코 원저/서후 글그림,샌드박스스토리 키즈,어린이
202301,190,씽킹 101,안우경 저/김보람 역,흐름출판,인문
202302,190,먼작귀 3 + 카드놀이 특별판,"나가노 글,그림",미우(대원),만화/라이트노벨
202303,190,2023 에듀윌 공인중개사 2차 1교시 단원별 기출문제집,"임선정,오시훈 편저",에듀윌,수험서 자격증
202304,190,아비투스,도리스 메르틴 저/배명자 역,다산초당,인문
202305,190,슬램덩크 신장재편판 13,"이노우에 타케히코 글,그림",대원,만화/라이트노벨
202306,190,"베르베르 씨, 오늘은 뭘 쓰세요?",베르나르 베르베르 저/전미연 역,열린책들,에서이
202307,190,스틱!,"칩 히스,댄 히스 공저/안진환,박슬라 공역",웅진지식하우스,경제 경영
202308,190,하하 자매 떡집,김리리 글/김이랑 그림,비룡소,어린이
202309,190,설민석의 한국사 대모험 25,"설민석,스토리박스 글/정현희 그림/강석화 감수",단꿈아이,어린이
202310,190,흔한남매 이무기 1,흔한남매 원저/이종혁 글/도니패밀리 그림/흔한컴퍼니 감수,미래엔아이세움,어린이
202311,190,마음의 지혜,김경일 저,포레스트북스,인문
202312,190,비가 오면 열리는 상점 (윈터 에디션),유영광 저,클레이하우스,소설/시/희곡
202201,190,"2022 큰별쌤 최태성의 별별한국사 한국사능력검정시험 기본 (4,5,6급)",최태성 저,이투스북,수험서 자격증
202202,190,이방인 2,선명 저,YOUNGCOM(영컴),소설/시/희곡
202203,190,삶이 던지는 질문은 언제나 같다,찰스 핸디 저/강주헌 역,인플루엔셜,인문
202402,191,홍보의 신,김선태 저,21세기북스,경제 경영
202401,191,"한 번 사는 인생, 어떻게 살아야 하는가",김종원 저,마인드셋(Mindset),인문
202301,191,나는 오래된 거리처럼 너를 사랑하고,진은영 저,문학과지성사,소설/시/희곡
202302,191,세상 쉽고 맛있는 튼이 이유식,정주희 저,서사원,가정 살림
202303,191,오베라는 남자,프레드릭 배크만 저/최민우 역,다산책방,소설/시/희곡
202304,191,무조건 합격하는 암기의 기술,이윤규 저,더퀘스트,자기계발
202305,191,마음의 지혜,김경일 저,포레스트북스,인문
202306,191,맡겨진 소녀,클레어 키건 저/허진 역,다산책방,소설/시/희곡
202307,191,히카루가 죽은 여름 2,모쿠모쿠렌 글그림/송재희 역,디앤씨미디어(D&C미디어),만화/라이트노벨
202308,191,천문학자는 별을 보지 않는다,심채경 저,문학동네,에서이
202309,191,서사의 위기,한병철 저,다산초당,인문
202310,191,백년허리1 진단편,정선근 저,언탱글링,건강 취미
202311,191,산타는 어떻게 굴뚝을 내려갈까?,맥 바넷 글/존 클라센 그림/서남희 역,주니어RHK,유아
202312,191,불멸의 지혜,"윌러스 델로이드 와틀즈 저/서진 편저,기획",스노우폭스북스,경제 경영
202201,191,여학교의 별 1,"와야마 야마 글,그림/현승희 역",문학동네,만화/라이트노벨
202202,191,슈퍼 히어로의 똥 닦는 법,안영은 글/최미란 그림,책읽는곰,유아
202203,191,멋진 신세계,올더스 헉슬리 저/안정효 역,소담출판사,소설/시/희곡
202402,192,때로는 간절함조차 아플 때가 있었다,강지영 저,빅피시,에서이
202401,192,기분이 태도가 되지 말자,김수현 저,하이스트,에서이
202301,192,나를 나답게 만드는 것들,빌 설리번 저/김성훈 역,브론스테인,자연과학
202302,192,혼공쌤의 초등만화영문법 (상),허준석 글/최정화 그림,길벗스쿨,어린이
202303,192,"하루 한 장, 인생 그림",이소영 저,알에이치코리아(RHK),예술
202304,192,비상식적 성공 법칙,간다 마사노리 저/서승범 역,생각지도,자기계발
202305,192,슬램덩크 신장재편판 16,"이노우에 타케히코 글,그림",대원,만화/라이트노벨
202306,192,꽃을 보듯 너를 본다,나태주 저,지혜,소설/시/희곡
202307,192,2023 에듀윌 공인중개사 오시훈 합격서 부동산공법 체계도,오시훈 편저,에듀윌,수험서 자격증
202308,192,찰리 멍거 바이블,"김재현,이건 공저",에프엔미디어,경제 경영
202309,192,읽으면서 바로 써먹는 어린이 세계사 퀴즈 2,한날 글그림,파란정원,어린이
202310,192,더플래닝,"박성후,나석규 저",더페이지,경제 경영
202311,192,2024 임용 면접레시피 [평가원 지역],"류은진,양왕경,이광한,이지혜 공저",미래가치,수험서 자격증
202312,192,효기심의 권력으로 읽는 세계사 - 한중일 편,효기심 저,다산초당,역사
202201,192,2022 수제비 정보처리기사 필기 1권+2권 합본세트,NCS 정보처리기술사 연구회 저,건기원,IT 모바일
202202,192,흔한남매 별난 방탈출 4,흔한남매 원저/김언정 글/차차 그림/흔한컴퍼니 감수,미래엔아이세움,어린이
202203,192,나는 불안할 때 논어를 읽는다,판덩 저/이서연 역,미디어숲,자기계발
202402,193,대한민국 돈의 역사,홍춘욱 저,상상스퀘어,경제 경영
202401,193,ETS 토익 정기시험 기출문제집 1000 Vol.3 LISTENING 리스닝,ETS 저,YBM(와이비엠),국어 외국어 사전
202301,193,The Secret 시크릿,론다 번 저/김우열 역,살림Biz,자기계발
202302,193,수학은 암기다,김현정 저,한국경제신문사(한경비피),가정 살림
202303,193,이어령의 마지막 수업,"김지수,이어령 저",열림원,인문
202304,193,거의 모든 일상 표현의 영어,"케빈 강,해나 변 저",사람in,국어 외국어 사전
202305,193,슬램덩크 신장재편판 3,"이노우에 타케히코 글,그림",대원,만화/라이트노벨
202306,193,내가 틀릴 수도 있습니다 (토마스 산체스 에디션),비욘 나티코 린데블라드 저/토마스 산체스 그림/박미경 역,다산초당,인문
202307,193,천 개의 파랑,천선란 저,허블,소설/시/희곡
202308,193,해커스 보카 Hackers Vocabulary,David Cho 저,해커스어학연구소,국어 외국어 사전
202309,193,2024 선재국어 新기출실록,이선재 편저,에스티유니타스,수험서 자격증
202310,193,내가 아직 쓰지 않은 것,최승호 외 저,문학동네,소설/시/희곡
202311,193,2024 리미티드 세트 : 오늘도+언제나 틴틴팅클!,난 글그림,artePOP(아르테팝),만화/라이트노벨
202312,193,꽃을 보듯 너를 본다,나태주 저,지혜,소설/시/희곡
202201,193,오늘부터 다시 스무 살입니다,"김미경,김미숙,김민정,김빛난,김정민,김정옥,김현정,도현주,리키마루 사치코,박경민,박설희,박재호,서",블루웨일,자기계발
202202,193,봄은 언제나 찾아온다,"데이비드 호크니,마틴 게이퍼드 공저/주은정 역",시공아트,예술
202203,193,아직 오지 않은 날들을 위하여,파스칼 브뤼크네르 저/이세진 역,인플루엔셜,인문
202402,194,2024 문동균 한국사 문단속 적중 최종 병기 FINAL 모의고사,문동균 편저,에스티유니타스,수험서 자격증
202401,194,SQL 자격검정 실전문제,한국데이터진흥원 저,한국데이터산업진흥원,IT 모바일
202301,194,도쿄 에일리언즈 5 일반판,NAOE 글그림/박소현 역,서울미디어코믹스(서울문화사),만화/라이트노벨
202302,194,2023 상장기업 업종 지도,박찬일 저,에프엔미디어,경제 경영
202303,194,내가 모르는 사이에,김화요 글/오윤화 그림,웅진주니어,어린이
202304,194,만복이네 떡집,김리리 글/이승현 그림,비룡소,어린이
202305,194,슬램덩크 신장재편판 17,"이노우에 타케히코 글,그림",대원,만화/라이트노벨
202306,194,누구도 나를 파괴할 수 없다,데이비드 고긴스 저/이영래 역,웅진지식하우스,자기계발
202307,194,나는 너랑 노는 게 제일 좋아,하태완 저,북로망스,에서이
202308,194,태양 왕 수바: 수박의 전설,이지은 글그림,웅진주니어,유아
202309,194,말리의 일곱 개의 달,셰한 카루나틸라카 저/유소영 역,인플루엔셜,소설/시/희곡
202310,194,다이어트 사이언스 2022,최겸 저,린체인저스,건강 취미
202311,194,김미경의 마흔 수업 확장판,김미경 저,어웨이크북스,자기계발
202312,194,똑똑한 초등 글쓰기,신효원 저,책장속북스,어린이
202201,194,잘 그리기 금지,사이토 나오키 저/박수현 역,잉크잼,예술
202202,194,드래곤볼 슈퍼 17,토요타로 글그림/토리야마 아키라 원저,서울미디어코믹스(서울문화사),만화/라이트노벨
202203,194,동물농장,조지 오웰 저/도정일 역,민음사,소설/시/희곡
202402,195,백년허리2 치료편,정선근 저,언탱글링,건강 취미
202401,195,미래엔 중학교 국어 3-1 평가문제집 (신유식) 중3,신유식,미래엔,전집
202301,195,비상식적 성공 법칙,간다 마사노리 저/서승범 역,생각지도,자기계발
202302,195,[예스리커버] 10배의 법칙,그랜트 카돈 저/최은아 역,부키,경제 경영
202303,195,잘했고 잘하고 있고 잘 될 것이다 (스페셜 리미티드 에디션),정영욱 저,부크럼,에서이
202304,195,클루지,개리 마커스 저/최호영 역,갤리온,인문
202305,195,슬램덩크 신장재편판 18,"이노우에 타케히코 글,그림",대원,만화/라이트노벨
202306,195,임신 출산 육아 대백과,편집부 저,삼성출판사,가정 살림
202307,195,해커스 토익 실전 1000제 1 RC Reading (리딩) 문제집,해커스 어학연구소 저,해커스어학연구소,국어 외국어 사전
202308,195,해커스 토익 LC 리스닝(Listening),David Cho 저,해커스어학연구소,국어 외국어 사전
202309,195,온 더 볼 2,성완 글/돌만 그림,다산어린이,어린이
202310,195,경제학이 필요한 순간,김현철 저,김영사,경제 경영
202311,195,ETS 토익 단기공략 750+ (LC+RC),ETS 저,YBM(와이비엠),국어 외국어 사전
202312,195,진짜 챗GPT 활용법,"브라이스 유,안상준,김준성 저",위키북스,IT 모바일
202201,195,주린이가 가장 알고 싶은 최다질문 TOP 77,염승환 저,메이트북스,경제 경영
202202,195,나는 당신도 재개발 투자로 돈을 벌면 좋겠습니다,남무98 저,원앤원북스,경제 경영
202203,195,2022 시나공 정보처리기사 실기,"길벗알앤디,김정준 공저",길벗,IT 모바일
202402,196,초밥이 옷을 사러 갔어요,타나카 타츠야 글/권남희 역,토토북,유아
202401,196,에그박사 11,에그박사 원저/박송이 글/홍종현 그림/김보숙 감수,미래엔아이세움,어린이
202301,196,보도 섀퍼의 이기는 습관,보도 섀퍼 저,토네이도,자기계발
202302,196,공정하다는 착각,마이클 샌델 저/함규진 역,와이즈베리,사회 정치
202303,196,우리는 모두 죽는다는 것을 기억하라,웨인 다이어 저/정지현 역,토네이도,자기계발
202304,196,공정하다는 착각,마이클 샌델 저/함규진 역,와이즈베리,사회 정치
202305,196,슬램덩크 신장재편판 11,"이노우에 타케히코 글,그림",대원,만화/라이트노벨
202306,196,"오늘 밤, 세계에서 이 사랑이 사라진다 해도",이치조 미사키 저/권영주 역,모모,소설/시/희곡
202307,196,열혈강호 88,전극진 글/양재현 그림,대원,만화/라이트노벨
202308,196,별의 커비 푸푸푸 히어로 1,아오이 케이&미카마루 글그림/김지영 역,다산어린이,어린이
202309,196,전놀이(설날 에디션),동글 글/강은옥 그림,소원나무,유아
202310,196,딸이 조용히 무너져 있었다,김현아 저,창비,인문
202311,196,2024 단끝 운전면허 필기시험,도로교통공단 편저,박문각,수험서 자격증
202312,196,백앤아 4,백앤아 원저/최재훈 글/돌만 그림,샌드박스스토리 키즈,어린이
202201,196,2022 선재국어 한 권으로 정리하는 마무리,이선재 편저,에스티유니타스,수험서 자격증
202202,196,정의란 무엇인가,마이클 샌델 저/김선욱 감수/김명철 역,와이즈베리,사회 정치
202203,196,열혈강호 85,전극진 글/양재현 그림,대원,만화/라이트노벨
202402,197,마지막 마음이 들리는 공중전화,이수연 저,클레이하우스,소설/시/희곡
202401,197,문과 남자의 과학 공부,유시민 저,돌베개,인문
202301,197,공정하다는 착각,마이클 샌델 저/함규진 역,와이즈베리,사회 정치
202302,197,2023 심우철 실전 동형 모의고사 Season 1,심우철 저,심슨북스,수험서 자격증
202303,197,"돈, 뜨겁게 사랑하고 차갑게 다루어라",앙드레 코스톨라니 저/한윤진 역,미래의창,경제 경영
202304,197,2023 해커스 GSAT 삼성직무적성검사 통합 기본서 최신기출유형+실전모의고사 (수리논리/추리),해커스 취업교육연구소 저,챔프스터디,수험서 자격증
202305,197,네 인생 우습지 않다,전한길 저,21세기북스,자기계발
202306,197,초수익 성장주 투자,마크 미너비니 저/김태훈 역/김대현 감수,이레미디어,경제 경영
202307,197,3000개 숨은그림찾기,"이한이,김확실,전진희 공저",한빛에듀,유아
202308,197,도꺄비 탐정 탱구 1,김기홍 글/허지혜 그림,웅진주니어,어린이
202309,197,대한민국 돈의 역사,홍춘욱 저,상상스퀘어,경제 경영
202310,197,아비투스,도리스 메르틴 저/배명자 역,다산초당,인문
202311,197,미움받을 용기 (200만 부 기념 스페셜 에디션),"기시미 이치로,고가 후미타케 저/전경아 역/김정운 감수",인플루엔셜,인문
202312,197,[예스리커버] 유현준의 인문 건축 기행,유현준 저,을유문화사,인문
202201,197,체리새우 : 비밀글입니다,황영미 저,문학동네,청소년
202202,197,2022 써니 행정법총론 단원별 모의고사,박준철 편저,에스티유니타스,수험서 자격증
202203,197,박시백의 고려사 1,박시백 저,휴머니스트,역사
202402,198,고양이 해결사 깜냥 6,홍민정 글/김재희 그림,창비,어린이
202401,198,당신의 첫 생각이 하루를 지배한다,"페이서스코리아 (고윤),이창희 공저",딥앤와이드,인문
202301,198,하루 한장 초등 영어 파닉스+발음기호,이문필 저,키즈프렌즈,어린이
202302,198,우리는 언제나 다시 만나,윤여림 글/안녕달 그림,위즈덤하우스,유아
202303,198,파친코 2,이민진 저/신승미 역,인플루엔셜,소설/시/희곡
202304,198,고양이 해결사 깜냥 4,홍민정 글/김재희 그림,창비,어린이
202305,198,슬램덩크 신장재편판 10,"이노우에 타케히코 글,그림",대원,만화/라이트노벨
202306,198,2023 에듀윌 공인중개사 1차 단원별 기출문제집,"이영방,심정욱 편저",에듀윌,수험서 자격증
202307,198,원피스 ONE PIECE 105,"오다 에이치로 글,그림",대원,만화/라이트노벨
202308,198,수상한 놀이공원 천옥원,히로시마레이코 글/쟈쟈 그림/김정화 역,길벗스쿨,어린이
202309,198,천문학자는 별을 보지 않는다,심채경 저,문학동네,에서이
202310,198,10배의 법칙 (리커버 에디션),그랜트 카돈 저/최은아 역,부키,자기계발
202311,198,어린이를 위한 역사의 쓸모 : 인생 편 1,최태성 글/김옥재 그림,다산어린이,어린이
202312,198,흔한남매 별난 세계 여행 2,흔한남매 원저/박시연 글/정주연 그림/흔한컴퍼니 감수,미래엔아이세움,어린이
202201,198,흔한남매의 흔한 호기심 5,"흔한남매 원저/안치현 글/유난희 그림/이정모,흔한컴퍼니 감수",미래엔아이세움,어린이
202202,198,읽으면서 바로 써먹는 어린이 한국사 퀴즈 1,한날 글그림/전기현 감수,파란정원,어린이
202203,198,나는 나답게 살기로 했다,손힘찬 저,스튜디오오드리,인문
202402,199,해커스 일본어 첫걸음 히라가나 가타카나 쓰기노트,해커스 일본어연구소 저,해커스어학연구소,국어 외국어 사전
202401,199,그리스 로마 신화 37,박시연 글/최우빈 그림/김헌 감수,아울북,어린이
202301,199,백년허리2 치료편,정선근 저,언탱글링,건강 취미
202302,199,마법천자문 56,유대영 글/정수영 그림/강용철 감수,아울북,어린이
202303,199,고양이 해결사 깜냥 2,홍민정 글/김재희 그림,창비,어린이
202304,199,사피엔스,유발 하라리 저/조현욱 역/이태수 감수,김영사,인문
202305,199,슬램덩크 신장재편판 12,"이노우에 타케히코 글,그림",대원,만화/라이트노벨
202306,199,쓰이는 영문법 1,김수영(셀리) 저/Thomas Selley 감수,길벗이지톡,국어 외국어 사전
202307,199,장하준의 경제학 레시피,장하준 저/김희정 역,부키,경제 경영
202308,199,돈의 심리학 (30만 부 기념 스페셜 에디션),모건 하우절 저/이지연 역,인플루엔셜,경제 경영
202309,199,다!다!다! 애장판 1,Mika Kawamura 글그림/심이슬 역,서울미디어코믹스(서울문화사),만화/라이트노벨
202310,199,마법의 연금 굴리기,김성일 저,에이지21,경제 경영
202311,199,일본어 무작정 따라하기 완전판,후지이아사리 저,길벗이지톡,국어 외국어 사전
202312,199,비스킷,김선미 저,위즈덤하우스,청소년
202201,199,열두 살 장래 희망,박성우 글/홍그림 그림,창비,어린이
202202,199,흔한남매 과학 탐험대 3 인체,"흔한남매 원저/이재국,이현진,서지은 글/김덕영 그림/정현철,김희목,권경아,최진수 기획/권경아 감수",주니어김영사,어린이
202203,199,읽으면서 바로 써먹는 어린이 한국사 퀴즈 1,한날 글그림/전기현 감수,파란정원,어린이
202402,200,Go Go 카카오프렌즈 31 네팔,김미영 글/김정한 그림,아울북,어린이
202401,200,그래서 이런 한자어가 생겼대요,우리누리 글/신동민 그림,길벗스쿨,어린이
202301,200,인생이 지옥처럼 느껴질 때,"마샤 리네한 저/정미나,박지니 역/서수연 감수",비잉,인문
202302,200,The Secret 시크릿,론다 번 저/김우열 역,살림Biz,자기계발
202303,200,스카이 버스,분당강쌤 저,다산에듀,가정 살림
202304,200,"나와 스크러피, 그리고 바다",앤서니 브라운 글그림/장미란 역,웅진주니어,유아
202305,200,슬램덩크 신장재편판 8,"이노우에 타케히코 글,그림",대원,만화/라이트노벨
202306,200,[예스리커버] 사이토 히토리의 1퍼센트 부자의 법칙,사이토 히토리 저,나비스쿨(NAVI SCHOOL),자기계발
202307,200,기분이 태도가 되지 말자,김수현 저,하이스트,에서이
202308,200,그레이트 마인드셋,루이스 하우즈 저,포레스트북스,자기계발
202309,200,너무나 많은 여름이,김연수 저,레제,소설/시/희곡
202310,200,몰입 Think hard!,황농문 저,알에이치코리아(RHK),자기계발
202311,200,한동일의 라틴어 인생 문장,한동일 저,이야기장수,인문
202312,200,2000년생이 온다,임홍택 저,십일프로(11%),경제 경영
202201,200,움직임의 뇌과학,캐럴라인 윌리엄스 저/이영래 역,갤리온,인문
202202,200,그리스 로마 신화 26,박시연 글/최우빈 그림/김헌 감수,아울북,어린이
202203,200,2021·2022 큰별쌤 최태성의 별★별 한국사 7일의 기적 한국사능력검정시험 심화(1·2·3급),최태성 저,이투스북,수험서 자격증
